full_name,street1,street2,city,state,zip
"3 PAWS, Inc.",108 S. pear Street,,De Witt,NE,68341
"Hely, LLC",3418 36th Street,,Columbus,NE,68601
"Hely, LLC",3418 36th Street,,Columbus,NE,68601
"3 PAWS, Inc.",108 S. pear Street,,De Witt,NE,68341
"3 PAWS, Inc.",108 S. pear Street,,De Witt,NE,68341
"3 PAWS, Inc.",108 S. pear Street,,De Witt,NE,68341
"Servicio De Grua Nuevo Amanecer, LLC",6206 South 30th Street,,Omaha,NE,68107
"Servicio De Grua Nuevo Amanecer, LLC",6206 South 30th Street,,Omaha,NE,68107
"Servicio De Grua Nuevo Amanecer, LLC",6206 South 30th Street,,Omaha,NE,68107
"Life With Style Digital Media and Marketing Productions, LLC",10261 Miami Street,,Omaha,NE,68134
"BEAMBI & COMPANY, LLC",5425 NW. Radial Hwy,,Omaha,NE,68104
"BEAMBI & COMPANY, LLC",5425 NW. Radial Hwy,,Omaha,NE,68104
"Spencer Management, LLC",2821 Caldwell,,Omaha,NE,68131
"Spencer Management, LLC",2821 Caldwell,,Omaha,NE,68131
"Spencer Management, LLC",2821 Caldwell,,Omaha,NE,68131
"Vetbuilt Construction, LLC",8114 Maple Street Ste 1,,Omaha,NE,68134
"Vetbuilt Construction, LLC",8114 Maple Street Ste 1,,Omaha,NE,68134
"Vetbuilt Construction, LLC",8114 Maple Street Ste 1,,Omaha,NE,68134
"Vetbuilt Construction, LLC",8114 Maple Street Ste 1,,Omaha,NE,68134
FERMENTED FELON LLC,137 N. 33rd St. Apt. F,,Omaha,NE,68131
FERMENTED FELON LLC,137 N. 33rd St. Apt. F,,Omaha,NE,68131
"BBQ Brothers, LLC",1000 S Main St,,Council Bluffs,IA,51503
"BBQ Brothers, LLC",1000 S Main St,,Council Bluffs,IA,51503
"BBQ Brothers, LLC",1000 S Main St,,Council Bluffs,IA,51503
"BBQ Brothers, LLC",1000 S Main St,,Council Bluffs,IA,51503
"BBQ Brothers, LLC",1000 S Main St,,Council Bluffs,IA,51503
"BBQ Brothers, LLC",1000 S Main St,,Council Bluffs,IA,51503
"BBQ Brothers, LLC",1000 S Main St,,Council Bluffs,IA,51503
"BBQ Brothers, LLC",1000 S Main St,,Council Bluffs,IA,51503
"Divine Living, LLC",6657 Sorensen Parkway,,Omaha,NE,68152
"Divine Living, LLC",6657 Sorensen Parkway,,Omaha,NE,68152
"Divine Living, LLC",6657 Sorensen Parkway,,Omaha,NE,68152
"Kustom Sweets and Eats, LLC",1102 E Coolbaugh St,,Red Oak,IA,51566
"Kustom Sweets and Eats, LLC",1102 E Coolbaugh St,,Red Oak,IA,51566
"Kustom Sweets and Eats, LLC",1102 E Coolbaugh St,,Red Oak,IA,51566
Obsession Salon and Boutique,916 16TH Street,,CENTRAL CITY,NE,68826
Obsession Salon and Boutique,916 16TH Street,,CENTRAL CITY,NE,68826
Obsession Salon and Boutique,916 16TH Street,,CENTRAL CITY,NE,68826
"Triple 8 Epoxy, LLC",2114 Lake Street,,Omaha,NE,68110
"Triple 8 Epoxy, LLC",2114 Lake Street,,Omaha,NE,68110
"REYNOLDS LOGISTICS, LLC",4215 Larimore Avenue,,Omaha,NE,68111
PSA Sports,2250 North Webb Road,Ste 220,Grand Island,NE,68803
"FYMB Trucking Express, LLC",1416 6th Street,,Columbus,NE,68601
"FYMB Trucking Express, LLC",1416 6th Street,,Columbus,NE,68601
"K-9 Homeschool, LLC",5812 Larimore Avenue,,Omaha,NE,68104
"Next Vizion, LLC",6506 S. 107th,,Omaha,NE,68127
"Next Vizion, LLC",6506 S. 107th,,Omaha,NE,68127
"Next Vizion, LLC",6506 S. 107th,,Omaha,NE,68127
The Heart's Desire,743 West 2nd Street,,Hastings,NE,68901
The Heart's Desire,743 West 2nd Street,,Hastings,NE,68901
"Empowering Kids Academy, LLC",7331 N. 166th Avenue,,Bennington,NE,68007
"Empowering Kids Academy, LLC",7331 N. 166th Avenue,,Bennington,NE,68007
"Blue Fish Restaurant Group, LLC",10841 Q Street,,Omaha,NE,68137
"Mosquito Joe of Omaha, LLC",917 Rawhide Road,,Papillion,NE,68046
"Mosquito Joe of Omaha, LLC",917 Rawhide Road,,Papillion,NE,68046
"Mosquito Joe of Omaha, LLC",917 Rawhide Road,,Papillion,NE,68046
Tyr's Hand Investigation Services,"1555 East Dodge Street, Fremont, NE, USA",,Fremont,NE,68025
Tyr's Hand Investigation Services,"1555 East Dodge Street, Fremont, NE, USA",,Fremont,NE,68025
"QDJ ENTERPRISES, LLC",5624 Decatur,,Omaha,NE,68104
"QDJ ENTERPRISES, LLC",5624 Decatur,,Omaha,NE,68104
"Midwest Tattoo Supply Company, LLC",902 North Scenic Drive,,Oakland,IA,51560
"Hidro Framing, LLC",2804 S38th St,,Omaha,NE,68105
Lewis Consulting dba Metco Contracting,1941 S. 42nd Street Suite 402 J,,Omaha,NE,68105
Lewis Consulting dba Metco Contracting,1941 S. 42nd Street Suite 402 J,,Omaha,NE,68105
Lewis Consulting dba Metco Contracting,1941 S. 42nd Street Suite 402 J,,Omaha,NE,68105
"Kenoh, LLC",7428 North 89th Ave,,Omaha,NE,68122
Arc Auto Sale LLC,4109 S. 42nd Street,,Omaha,NE,68107
Arc Auto Sale LLC,4109 S. 42nd Street,,Omaha,NE,68107
"Bopes Living, LLC",2315 S. 168TH Street,,OMAHA,NE,68130
"Bopes Living, LLC",2315 S. 168TH Street,,OMAHA,NE,68130
Cartaya Transport LLC,2908 Cottage Street,,Grand Island,NE,68803
Cartaya Transport LLC,2908 Cottage Street,,Grand Island,NE,68803
Cartaya Transport LLC,2908 Cottage Street,,Grand Island,NE,68803
"Diamond One Book Advising and More, LLC",1941 South 42nd Street,,Omaha,NE,68105
"La Movie, LLC",2210 South 143rd Plaza,5,Omaha,NE,68144
"La Movie, LLC",2210 South 143rd Plaza,5,Omaha,NE,68144
"Gamble Tech Firm, LLC",4525 Saratoga Street,,Omaha,NE,68104
Hoth Grocery Store,4644 Douglas Street,,Omaha,NE,68122
Lady Bradley's Salon,13819 T Plz,,Omaha,NE,69137
"Jae & Britt Novelties, LLC",8305 Weber Street,,Omaha,NE,68122
"TL Freight & Logistics, LLC",5315 N. 49th Avenue,,Omaha,NE,68104
Nele's Stump Grinding,1726 S. 14TH Street,,OMAHA,NE,68108
Nele's Stump Grinding,1726 S. 14TH Street,,OMAHA,NE,68108
"L.A. Antojitos, LLC",901 S. 9th Street,,Norfolk,NE,68701
"L.A. Antojitos, LLC",901 S. 9th Street,,Norfolk,NE,68701
"Drewop's Trucking, LLC",6725 S. 81ST Street,,OMAHA,NE,68127
"Drewop's Trucking, LLC",6725 S. 81ST Street,,OMAHA,NE,68127
"Lowe Enterprises, Inc.",2219 Pratt Street,,Omaha,NE,68110
"Lowe Enterprises, Inc.",2219 Pratt Street,,Omaha,NE,68110
"Lowe Enterprises, Inc.",2219 Pratt Street,,Omaha,NE,68110
Comfort Food Truck Company LLC,105 Ely St,,Woodbine,IA,51579
Comfort Food Truck Company LLC,105 Ely St,,Woodbine,IA,51579
"La Oveja Negra, LLC",1402 Country Club Rd Apt 45,,Norfolk,NE,68701
"Wicked Beauty, LLC",2808 Victoria Avenue,,Bellevue,NE,68005
"Wicked Beauty, LLC",2808 Victoria Avenue,,Bellevue,NE,68005
"Blue Star Transport, LLC",2805 Yorktown Street,,Bellevue,NE,68123
"YOUR FORTE, LLC","415 Chestnut Street, Atlantic, IA, USA",,ATLANTIC,IA,50022
"YOUR FORTE, LLC","415 Chestnut Street, Atlantic, IA, USA",,ATLANTIC,IA,50022
"YOUR FORTE, LLC","415 Chestnut Street, Atlantic, IA, USA",,ATLANTIC,IA,50022
"YOUR FORTE, LLC","415 Chestnut Street, Atlantic, IA, USA",,ATLANTIC,IA,50022
FRAZIER PRODUCTIONS LLC,3400 Maplewood Blvd,,Omaha,NE,68134
Westview B&B,7000 NW 27th Street,,Lincoln,NE,68524
Westview B&B,7000 NW 27th Street,,Lincoln,NE,68524
"Deens THD Enterprise, LLC",12919 C PLAZA,,Omaha,NE,68144
"Dirty Birds, LLC",1722 Saint Marys Avenue,,Omaha,NE,68102
"LOV, LLC",445 North Broad Street,,Fremont,NE,68025
"LOV, LLC",445 North Broad Street,,Fremont,NE,68025
"BLACK POWER REDEVELOPERS, LLC",4507 South 15th Street,,Omaha,NE,68107
"Live Lifestyle, LLC",327 N. 36TH Street,,Omaha,NE,68131
"AMD, LLC",601 S. Jeffers Street,,North Platte,NE,69101
"Embracing Heart Supportive Services, LLC",11069 I Street,,Omaha,NE,68137
"20 West Main, LLC",256 Zenith Drive,,Council Bluffs,IA,51503
"20 West Main, LLC",256 Zenith Drive,,Council Bluffs,IA,51503
"20 West Main, LLC",256 Zenith Drive,,Council Bluffs,IA,51503
"20 West Main, LLC",256 Zenith Drive,,Council Bluffs,IA,51503
"DRC Transport,  LLC",3721 W. Capital Ave Apt. C-209,,Grand Island,NE,68803
"Valor Counseling & Support, LLC",304 E 6TH ST,,North Platte,NE,69101
"Prairie Crossing Vineyard & Winery, LLC",31506 Pioneer Trl,,Treynor,IA,51575
AGK Paint & Lawn,12275 Signal Dr,,Omaha,NE,68137
"IRV'S SEWING, LLC",4715 Nebraska Avenue,,Omaha,NE,68104
"IRV'S SEWING, LLC",4715 Nebraska Avenue,,Omaha,NE,68104
"Ordonez Trucking, LLC",17331 Pine Circle,,Omaha,NE,68130
"Branding Design Pro, LLC",9755 Mockingbird Drive Apt 100,,Omaha,NE,68127
Rea Rea's Inn,241 W. IRVING Street,,LINCOLN,NE,68521
Rea Rea's Inn,241 W. IRVING Street,,LINCOLN,NE,68521
"Tyjuan Sharron, LLC",2211 HOWARD Street,,OMAHA,NE,68152
"Nitro Burger, LLC",2136 S. 8th Street,,Lincoln,NE,68502
"Naughty Buddha Burger Bar, LLC",7140 South 91st Street,Apt 108,Lincoln,NE,68526
"Dupays, LLC",5905 S. 151st Street,,Omaha,NE,68137
Ifeanyi Onubogu Financial Services,6707 Giles Rd Apt 306,,Papillion,NE,68133
Ifeanyi Onubogu Financial Services,6707 Giles Rd Apt 306,,Papillion,NE,68133
Ifeanyi Onubogu Financial Services,6707 Giles Rd Apt 306,,Papillion,NE,68133
"Animosity Rage Room, LLC",810 N. 107th Avenue,,Omaha,NE,68114
"SIR WHITE LOGISTICS, LLC",15550 Redick Plaza,,Omaha,NE,68111
"THE PARTY BAR, LLC",7919 N. 173rd Terrace Cir,,Bennington,NE,68007
"THE PARTY BAR, LLC",7919 N. 173rd Terrace Cir,,Bennington,NE,68007
"Piggy Bank Tax Preparation and Accounting, LLC",Enterprise Center,96th & L St,Omaha,NE,68127
"Piggy Bank Tax Preparation and Accounting, LLC",Enterprise Center,96th & L St,Omaha,NE,68127
Local Roots Floral and Gifts LLC,516 Nebraska Ave,,Arapahoe,NE,68922
William Dunlap Jr Flooring,219 S. 4th Street,,Council Bluffs,IA,51503
William Dunlap Jr Flooring,219 S. 4th Street,,Council Bluffs,IA,51503
"Take Aim LLC, Indoor Shooting Sports and Training",13606 S. 44th,,Bellevue,NE,68123
Tornado Alley,808 Main Street,,Arapahoe,NE,68922
Advanced Aesthetics,"5600 S. 48th, #112",,Lincoln,NE,68516
Coffee Nook,108 N. Main Street,,Gordon,NE,69343
Big Daddy's Fried Chicken LLC,210 S. 15th Street,,Omaha,NE,68102
Cremation Services of Nebraska LLC,5844 Fremont Street,,Lincoln,NE,68507
Cremation Services of Nebraska LLC,5844 Fremont Street,,Lincoln,NE,68507
Cremation Services of Nebraska LLC,5844 Fremont Street,,Lincoln,NE,68507
"Allen Well Company, Inc.",2607 N. 150th Avenue,,Omaha,NE,68116
"Troika International Trading Co., LLC",1809 N. 115th Plaza #3309,,Omaha,NE,68154
White Trucking,6753 E. Hwy 30 Hwy,,Dix,NE,69133
White Trucking,6753 E. Hwy 30 Hwy,,Dix,NE,69133
White Trucking,6753 E. Hwy 30 Hwy,,Dix,NE,69133
"Touch n Tan, LLC",11836 S.. 216 th Ste.3 Street,11836 South 216th Street Ste. 3,Omaha,NE,68028
"Touch n Tan, LLC",11836 S.. 216 th Ste.3 Street,11836 South 216th Street Ste. 3,Omaha,NE,68028
"Touch n Tan, LLC",11836 S.. 216 th Ste.3 Street,11836 South 216th Street Ste. 3,Omaha,NE,68028
"Touch n Tan, LLC",11836 S.. 216 th Ste.3 Street,11836 South 216th Street Ste. 3,Omaha,NE,68028
"Industrial Outfitters, Inc.",2276 locust street,,Grand Island,NE,68802
"Industrial Outfitters, Inc.",2276 locust street,,Grand Island,NE,68802
"Industrial Outfitters, Inc.",2276 locust street,,Grand Island,NE,68802
"Industrial Outfitters, Inc.",2276 locust street,,Grand Island,NE,68802
"Crossfit Viral, LLC",36040 165th Sreet,,Omaha,NE,68154
Purple Moon Cookery,1505 N. Hwy 83,,McCook,NE,69001
Purple Moon Cookery,1505 N. Hwy 83,,McCook,NE,69001
"Adams Painting Co, LLC",3830 North 99th Circle,,Omaha,NE,68134
"Adams Painting Co, LLC",3830 North 99th Circle,,Omaha,NE,68134
"Adams Painting Co, LLC",3830 North 99th Circle,,Omaha,NE,68134
"Adams Painting Co, LLC",3830 North 99th Circle,,Omaha,NE,68134
"Adams Painting Co, LLC",3830 North 99th Circle,,Omaha,NE,68134
David Burgess Photography,4535 Crown Point Avenue,4535 Crown Point Avenue,Omaha,NE,68104
"Lantex Corporation, LLC",3927 Ames Avenue,,Omaha,NE,68111
Quilted Kitty,6101-6101 S. 56th Street,,Lincoln,NE,68516
Quilted Kitty,6101-6101 S. 56th Street,,Lincoln,NE,68516
CR Fosdick Enterprises Inc.,1721 Cedarberry Road,,North Platte,NE,69101
Countertop Creations,321 S. 8th Street,,Springfield,NE,68509
Countertop Creations,321 S. 8th Street,,Springfield,NE,68509
Countertop Creations,321 S. 8th Street,,Springfield,NE,68509
Countertop Creations,321 S. 8th Street,,Springfield,NE,68509
Countertop Creations,321 S. 8th Street,,Springfield,NE,68509
Countertop Creations,321 S. 8th Street,,Springfield,NE,68509
Countertop Creations,321 S. 8th Street,,Springfield,NE,68509
"KolCom Network Solutions, Inc.",2609 S. 156th Circle,,Omaha,NE,68130
"Charming Children, LLC",911 N. Adams Street,911 N. Adams,Papillion,NE,68046
"Charming Children, LLC",911 N. Adams Street,911 N. Adams,Papillion,NE,68046
Reasonable Lawn Care,8623 N. 28TH Avenue,,Omaha,NE,68112
Reasonable Lawn Care,8623 N. 28TH Avenue,,Omaha,NE,68112
Reasonable Lawn Care,8623 N. 28TH Avenue,,Omaha,NE,68112
Runway Boutique,7474 Towne Center Pkwy T113 Parkway,,Papillion,NE,68046
Runway Boutique,7474 Towne Center Pkwy T113 Parkway,,Papillion,NE,68046
Concepts AV Integration LLC,4610 S. 133rd Street,,Omaha,NE,68137
Concepts AV Integration LLC,4610 S. 133rd Street,,Omaha,NE,68137
ELM Home Services,7518 Terry Drive Drive,,LaVista,NE,68128
ELM Home Services,7518 Terry Drive Drive,,LaVista,NE,68128
ELM Home Services,7518 Terry Drive Drive,,LaVista,NE,68128
Kemac Ag,1878 Alliance Street,,Alliance,NE,69301
Fab Appliance Repair LLC,3317 Ruggles St,,Omaha,NE,68111
Rabfak Construction,3916 N. 109th Plaza,,Omaha,NE,68164
Sanchez Remodeling LLC,3527 U St,,Omaha,NE,68107
Indigo Cottage Crafts LLC dba Pinspiration Sarpy County,11912 S 48th St,,Papillion,NE,68133
Indigo Cottage Crafts LLC dba Pinspiration Sarpy County,11912 S 48th St,,Papillion,NE,68133
Indigo Cottage Crafts LLC dba Pinspiration Sarpy County,11912 S 48th St,,Papillion,NE,68133
Sanchez Remodeling LLC,3527 U St,,Omaha,NE,68107
Indigo Cottage Crafts LLC dba Pinspiration Sarpy County,11912 S 48th St,,Papillion,NE,68133
"Mejia Transport, LLC","6912 N 16th St, Lot 55",,Omaha,NE,68112
"Mejia Transport, LLC","6912 N 16th St, Lot 55",,Omaha,NE,68112
"KJP Trucking, LLC",3714 Seward Street,,Omaha,NE,68111
"KJP Trucking, LLC",3714 Seward Street,,Omaha,NE,68111
"KJP Trucking, LLC",3714 Seward Street,,Omaha,NE,68111
"SRZ Logistics, LLC",1408 Dorcas St,,Omaha,NE,68108
"SRZ Logistics, LLC",1408 Dorcas St,,Omaha,NE,68108
"SRZ Logistics, LLC",1408 Dorcas St,,Omaha,NE,68108
Moreland & Company LLC  d/b/a MTM Trucking,6728 Woodbine Circle,,Omaha,NE,68127
"Simple Kitchen, LLC",116 W 3rd Street,,Grand Island,NE,68801
"Simple Kitchen, LLC",116 W 3rd Street,,Grand Island,NE,68801
"Simple Kitchen, LLC",116 W 3rd Street,,Grand Island,NE,68801
"Heartland Transportation, LLC",312 Grace St,,Council Bluffs,IA,51503
MARISCOS EL CULICHI LLC,2229 Leavenworth Street,,Omaha,NE,68102
MARISCOS EL CULICHI LLC,2229 Leavenworth Street,,Omaha,NE,68102
BRICKROAD'S GRILLE AND DISTILLERY LLC,214 North Green Street,,Clarks,NE,68628
BRICKROAD'S GRILLE AND DISTILLERY LLC,214 North Green Street,,Clarks,NE,68628
BRICKROAD'S GRILLE AND DISTILLERY LLC,214 North Green Street,,Clarks,NE,68628
"Jake's Odd Jobs, Inc.",620 Douglas Cir,,Eagle,NE,68347
"Jake's Odd Jobs, Inc.",620 Douglas Cir,,Eagle,NE,68347
"Jake's Odd Jobs, Inc.",620 Douglas Cir,,Eagle,NE,68347
"Realmfive, Inc.",3300 Folkways Cir,,Lincoln,NE,68504
Machado Transportation LLC,324 W Koenig St Apt. 22,,Grand Island,NE,68801
Machado Transportation LLC,324 W Koenig St Apt. 22,,Grand Island,NE,68801
Machado Transportation LLC,324 W Koenig St Apt. 22,,Grand Island,NE,68801
Will's Insurance Agency,1235 Toluca Av,,Alliance,NE,69301
Will's Insurance Agency,1235 Toluca Av,,Alliance,NE,69301
Rabfak Construction,3916 N. 109th Plaza,,Omaha,NE,68164
"Amparito's Market, LLC",7009 Whitewater Ln,,Lincoln,NE,68521
"Amparito's Market, LLC",7009 Whitewater Ln,,Lincoln,NE,68521
"Kasa Du Bonbon, LLC","5104 South 79th Avenue, Ralston, NE, USA",,Omaha,NE,68127
"Kasa Du Bonbon, LLC","5104 South 79th Avenue, Ralston, NE, USA",,Omaha,NE,68127
"Kasa Du Bonbon, LLC","5104 South 79th Avenue, Ralston, NE, USA",,Omaha,NE,68127
"Adana's Kebab House, LLC",3604 Twin Creek Drive Drive,,Bellevue,NE,68123
La Bahia Restaurante LLC,1122 B Street,,Schuyler,NE,68661
"MLG2, LLC",4151 N 62nd St,,Omaha,NE,68104
"MLG2, LLC",4151 N 62nd St,,Omaha,NE,68104
"MLG2, LLC",4151 N 62nd St,,Omaha,NE,68104
"La Ranchera, LLC",803 W 4TH ST,,GRAND ISLAND,NE,68801
"La Ranchera, LLC",803 W 4TH ST,,GRAND ISLAND,NE,68801
"Rubio's Trucking, LLC",1970 37th Ave,,Columbus,NE,68601
"Rubio's Trucking, LLC",1970 37th Ave,,Columbus,NE,68601
"Adriana's Auto Sales, LLC",1627 Fort Crook Rd N,,Bellevue,NE,68005
"Adriana's Auto Sales, LLC",1627 Fort Crook Rd N,,Bellevue,NE,68005
"Long Walk Farm, LLC",23780 Dogwood Rd,,Council Bluffs,IA,51503
"Long Walk Farm, LLC",23780 Dogwood Rd,,Council Bluffs,IA,51503
"Family Foundation Services, LLC",225 N St Joseph Ave,,Hastings,NE,68901
"Family Foundation Services, LLC",225 N St Joseph Ave,,Hastings,NE,68901
dba Infinite Builders,2930 Leawood Dr,,Bellevue,NE,68123
dba Infinite Builders,2930 Leawood Dr,,Bellevue,NE,68123
dba Infinite Builders,2930 Leawood Dr,,Bellevue,NE,68123
"Easy as 12V, LLC",428 Bryan St,,Gretna,NE,68028
"Easy as 12V, LLC",428 Bryan St,,Gretna,NE,68028
Breakthrough Fitness & Nutrition LLC,3223 N 45th Street ,,Omaha,NE,68112
Breakthrough Fitness & Nutrition LLC,3223 N 45th Street ,,Omaha,NE,68112
Breakthrough Fitness & Nutrition LLC,3223 N 45th Street ,,Omaha,NE,68112
"Mighty Tidy, LLC",310 East ST,,Alma,NE,68920
"Mighty Tidy, LLC",310 East ST,,Alma,NE,68920
"Mighty Tidy, LLC",310 East ST,,Alma,NE,68920
"Southern Spoon, Inc.",3929 Ames Ave,,Omaha,NE,68111
Bold Beauty Hair and Beauty Supply,1210 North 26th Circle,,Omaha,NE,68131
Bold Beauty Hair and Beauty Supply,1210 North 26th Circle,,Omaha,NE,68131
Lung Master LLC,119 North 72nd Street,apt 341,Omaha,NE,68114
Lung Master LLC,119 North 72nd Street,apt 341,Omaha,NE,68114
"Mitch & East Cleaning Co, LLC",5068 Vernon Circle,,Omaha,NE,68104
Universal Aerial Solutions,52388 Brookside Avenue,,Glenwood,IA,51534
Universal Aerial Solutions,52388 Brookside Avenue,,Glenwood,IA,51534
Garrido Construction LLC,3459 Spaulding Street,,Omaha,NE,68111
"The Tipsy Pine Pizza Pub, LLC",257 N Main St,,Long Pine,NE,69217
"The Tipsy Pine Pizza Pub, LLC",257 N Main St,,Long Pine,NE,69217
"The Tipsy Pine Pizza Pub, LLC",257 N Main St,,Long Pine,NE,69217
VendorGrAde LLC,10720 North 180th Street,,Bennington,NE,68007
VendorGrAde LLC,10720 North 180th Street,,Bennington,NE,68007
Jennifer Lea LLC,11404 West Dodge Road,Ste 500,Omaha,NE,68154
Jennifer Lea LLC,11404 West Dodge Road,Ste 500,Omaha,NE,68154
"Haroldo Construction, LLC",120 West Lane,,Grand Island,NE,68803
Copperstone Foods LLC,101 N Wright St,,Eustis,NE,69028
BAW Motors LLC,3420 Cherokee Drive,,Scottsbluff,NE,69361
BAW Motors LLC,3420 Cherokee Drive,,Scottsbluff,NE,69361
"Omaha Creek Trailer Sales, Inc",2377 US-77,,Homer,NE,68030
Baja Autos LLC,4300 23rd Street,,Columbus,NE,68601
Baja Autos LLC,4300 23rd Street,,Columbus,NE,68601
Baja Autos LLC,4300 23rd Street,,Columbus,NE,68601
Copperstone Foods LLC,101 N Wright St,,Eustis,NE,69028
Barragan Trucking,500 W 7th ST ,,Lexington,NE,68850
Barragan Trucking,500 W 7th ST ,,Lexington,NE,68850
Axe Holes LLC,2300 North Webb Road,Ste 109,Grand Island,NE,68803
Lazy J B Trucking,61 Goffena Road,,Chadron,NE,69337
Lazy J B Trucking,61 Goffena Road,,Chadron,NE,69337
Jen & June Boutique,2 1/2 East Main Street,,Treynor,IA,51575
Go Far Inc,622 Pierce Street,,Omaha,NE,68108
"Wheelhouse Omaha, LLC dba Elevator",1402 Jones Street,,Omaha,NE,68102
"Wheelhouse Omaha, LLC dba Elevator",1402 Jones Street,,Omaha,NE,68102
Beautify Me By Millini LLC,"6915 North 50th Avenue, Omaha, NE, USA",,Omaha,NE,68152
La Autentica LLC,1324 Bohnker Hill Road,,Denison,IA,51442
Dezzie Beauty Bar LLC,5811 Taylor Street,,Omaha,NE,68104
Rhino Medical Transportation,7330 North 89th Avenue,,Omaha,NE,68122
Ball Vineyards & Estates,2361 Wittstruck Road,,Roca,NE,68430
Cuban Express,3763 West Capital Avenue,apt 221,Grand Island,NE,68803
Cuban Express,3763 West Capital Avenue,apt 221,Grand Island,NE,68803
El Sazon De Mima LLC,403 East 2nd Street,,Madison,NE,68748
El Sazon De Mima LLC,403 East 2nd Street,,Madison,NE,68748
Bear Company LLC,5858 Wenninghoff Road,Ste 2,Omaha,NE,68134
Chi-Town Sandwiches LLC,PO Box 65,,Harrisburg,SD,57032
Chi-Town Sandwiches LLC,PO Box 65,,Harrisburg,SD,57032
EM Enterprises LLC dba Lee's Crossroads Cafe,656 Chestnut Street,,Arapahoe,NE,68922
EM Enterprises LLC dba Lee's Crossroads Cafe,656 Chestnut Street,,Arapahoe,NE,68922
"Embracing Heart Supportive Services, LLC",11069 I Street,,Omaha,NE,68137
"Embracing Heart Supportive Services, LLC",11069 I Street,,Omaha,NE,68137
Guzman Remodeling Construction LLC,2117 Pond Cir Dir,,Lincoln,NE,68512
Guzman Remodeling Construction LLC,2117 Pond Cir Dir,,Lincoln,NE,68512
Beckwith Performance LLC,17298 Lapworth Lane,,Crescent,IA,51548
Munoz Fresh Produce LLC,6304 South 23rd Street,,Omaha,NE,68107
Munoz Fresh Produce LLC,6304 South 23rd Street,,Omaha,NE,68107
"O Street Barber Shop, LLC",2047 O Street,,Lincoln,NE,68510
Peek-A-Boo Learning Center #2,4851 North 72nd Street,,Omaha,NE,68134
Orange Love LLC,8060 South 84th Street,,La Vista,NE,68128
Orange Love LLC,8060 South 84th Street,,La Vista,NE,68128
Jet Clean Inc,1910 Southwest 10th Street,,Lincoln,NE,68522
Jet Clean Inc,1910 Southwest 10th Street,,Lincoln,NE,68522
"Martinez Bakery, LLC",2312 N Street,,Omaha,NE,68107
"Martinez Bakery, LLC",2312 N Street,,Omaha,NE,68107
Olam Express LLC,2204 E 35th Street Dr,,Kearney,NE,68847
"Provasource, LLC","17330 West Center Road, Ste. 110, Box 323",,Omaha,NE,68130
Not By Sight LLC dba Rooted In Love,4952 North 166th Plaza,A210,Omaha,NE,68116
"Corner Building, LLC",721 West 1st Street,,Hastings,NE,68901
JJA Transport LLC,7901 South 24th Street,,Bellevue,NE,68147
JJA Transport LLC,7901 South 24th Street,,Bellevue,NE,68147
Memo's Hardscapes & Landscaping LLC,3551 South 121st Avenue,,Omaha,NE,68144
Memo's Hardscapes & Landscaping LLC,3551 South 121st Avenue,,Omaha,NE,68144
Memo's Hardscapes & Landscaping LLC,3551 South 121st Avenue,,Omaha,NE,68144
Game Knights LLC,414 North Dewey Street,,North Platte,NE,69101
Game Knights LLC,414 North Dewey Street,,North Platte,NE,69101
"818, LLC",114 West 17th Street,,Cozad,NE,69130
"818, LLC",114 West 17th Street,,Cozad,NE,69130
"Indoor Golf Omaha, LLC",920 South 107th Avenue,,Omaha,NE,68114
JetFire Solutions LLC,7528 Sherman Drive,,Omaha,NE,68134
JetFire Solutions LLC,7528 Sherman Drive,,Omaha,NE,68134
"Blondo Nails, LLC",2085 North 120th Street,,Omaha,NE,68164
"Blondo Nails, LLC",2085 North 120th Street,,Omaha,NE,68164
"Blondo Nails, LLC",2085 North 120th Street,,Omaha,NE,68164
"Generation Hope Family Counseling & Consulting, LLC",11071 West Maple Road,,Omaha,NE,68164
"Keep Off Home Improvements, LLC",314 South 17th Street,,Omaha,NE,68102
"Fox Flooring, LLC",1905 Harney St,,Omaha,NE,68102
"Fox Flooring, LLC",1905 Harney St,,Omaha,NE,68102
Utra's Caribbean Food LLC,1304 West Arlington Avenue,,Lincoln,NE,68522
Utra's Caribbean Food LLC,1304 West Arlington Avenue,,Lincoln,NE,68522
Rose Cat Coffee Company LLC,5600 South 48th Street,,Lincoln,NE,68516
Elevated Solutions LLC,11701 Centennial Road,,La Vista,NE,68128
Legacy Map LLC dba Board and Brush,6016 Maple Street,,Omaha,NE,68104
Legacy Map LLC dba Board and Brush,6016 Maple Street,,Omaha,NE,68104
Mexitli Restaurant LLC,1620 Harney Street,,Omaha,NE,68102
Rising Stars Learning Center,3805 Avenue D,,Council Bluffs,IA,51501
CLM Cable LLC,"6932 Oak Plaza, Omaha, NE, USA",,Omaha,NE,68106
"Victor Leigh, LLC dba Bulu",5240 South 19th Street,,Lincoln,NE,68512
Tanya Luken CPA PC,109 Cedar Street,,Bellevue,NE,68005
Lawson Cyrogenic Manufacturing & Repair LLC,13427 Lynam Drive,,Omaha,NE,68138
WETO Investments / JANC Coffee LLC / Scooters Coffee,1814 Avenue D,,Cozad,NE,69130
4AT Trucking LLC,1401 Freedom Lane,,Lexington,NE,68850
4AT Trucking LLC,1401 Freedom Lane,,Lexington,NE,68850
4AT Trucking LLC,1401 Freedom Lane,,Lexington,NE,68850
"Indoor Golf Papillion, LLC dba The Back Nine",7775 Olson Drive,Ste 105,Papillion,NE,68046
"Indoor Golf Papillion, LLC dba The Back Nine",7775 Olson Drive,Ste 105,Papillion,NE,68046
"Indoor Golf Papillion, LLC dba The Back Nine",7775 Olson Drive,Ste 105,Papillion,NE,68046
RodKnee LLC,3802 Twin City Drive,,Council Bluffs,IA,51501
Sam's Products LLC,10011 Arcadie,5,Omaha,NE,68134
Smart Solutions 4U LLC,1718 South 51st Street,Unit 6044,Omaha,NE,68106
"Serenity Natural Health & Wellness, LLC",129 North Main Street,,Gordon,NE,69343
"SKRJA, LLC dba Tikka Talk",17125 Bedford Avenue,,Omaha,NE,68116
"Adams Painting Co, LLC",3830 North 99th Circle,,Omaha,NE,68134
"CNA Learning Hub, LLC",2610 West S Street,Apt 314,Lincoln,NE,68522
"Arrow T Productions, LLC",101 Grand Avenue,,Ravenna,NE,68869
"Arrow T Productions, LLC",101 Grand Avenue,,Ravenna,NE,68869
"Mejia Transport, LLC","6912 N 16th St, Lot 55",,Omaha,NE,68112
"La Ranchera, LLC",803 W 4TH ST,,GRAND ISLAND,NE,68801
"La Ranchera, LLC",803 W 4TH ST,,GRAND ISLAND,NE,68801
"The Reading Room, LLC",1505 Farnam Street,,Omaha,NE,68102
"The Reading Room, LLC",1505 Farnam Street,,Omaha,NE,68102
4AT Trucking LLC,1401 Freedom Lane,,Lexington,NE,68850
Car Paint and Repair LLC,1220 East Capital Avenue,,Grand Island,NE,68801
Car Paint and Repair LLC,1220 East Capital Avenue,,Grand Island,NE,68801
"Yoder Construction, Inc",101 McCandless Lane,Ste A,Council Bluffs,IA,51503
"Yoder Construction, Inc",101 McCandless Lane,Ste A,Council Bluffs,IA,51503
"The Scene Event Space, Inc",745 North 14th Street,,Omaha,NE,68102
"Realmfive, Inc.",3300 Folkways Cir,,Lincoln,NE,68504
"Jake's Odd Jobs, Inc.",620 Douglas Cir,,Eagle,NE,68347
"Jake's Odd Jobs, Inc.",620 Douglas Cir,,Eagle,NE,68347
Edmonds Painting,9605 South 24th Street,,Bellevue,NE,68147
"Adams Painting Co, LLC",3830 North 99th Circle,,Omaha,NE,68134
"Noah's Ark Processors, LLC",1009 West M Street,,Hastings,NE,68901
"BoDee, Inc",419 Eagle Street,,Benkelman,NE,69021
"Open Arms Daycare, LLC",PO Box 215,,Arapahoe,NE,68922
"Open Arms Daycare, LLC",PO Box 215,,Arapahoe,NE,68922
"Open Arms Daycare, LLC",PO Box 215,,Arapahoe,NE,68922
"QDJ ENTERPRISES, LLC",5624 Decatur,,Omaha,NE,68104
"Chef Around the Block, LLC",3157 Farnam Street,Suite 7108,Omaha,NE,68131
"Restorative Medical Massage, LLC",808 West Godfrey Drive,,Lincoln,NE,68521
Edmonds Painting,9605 South 24th Street,,Bellevue,NE,68147
"The Emma Louise House for Women, LLC",17614 Samuel Street,,Bennington,NE,68007
"Divine Living, LLC",6657 Sorensen Parkway,,Omaha,NE,68152
"Stone Pillar International, LLC",19809 Tyler St,,Omaha,NE,68135
"Stone Pillar International, LLC",19809 Tyler St,,Omaha,NE,68135
"The Rock of All, LLC",6309 North 48th Street,,Omaha,NE,68104
"The Rock of All, LLC",6309 North 48th Street,,Omaha,NE,68104
"Gamble Tech Firm, LLC",4525 Saratoga Street,,Omaha,NE,68104
"HGP 25 Corby, LLC",4518 Sinclair Avenue,,Austin,TX,78756
Mane Collective LLC,1630 North Main Street,,Omaha,NE,68022
Mane Collective LLC,1630 North Main Street,,Omaha,NE,68022
North Omaha Concrete Services,81050 Weber Plaza,8105 Weber Plaza,Omaha,NE,68122
North Omaha Concrete Services,81050 Weber Plaza,8105 Weber Plaza,Omaha,NE,68122
North Omaha Concrete Services,81050 Weber Plaza,8105 Weber Plaza,Omaha,NE,68122
North Omaha Concrete Services,81050 Weber Plaza,8105 Weber Plaza,Omaha,NE,68122
North Omaha Concrete Services,81050 Weber Plaza,8105 Weber Plaza,Omaha,NE,68122
North Omaha Concrete Services,81050 Weber Plaza,8105 Weber Plaza,Omaha,NE,68122
North Omaha Concrete Services,81050 Weber Plaza,8105 Weber Plaza,Omaha,NE,68122
Ambition Salon,318 S. 72nd Street,318 South 72nd Street,Omaha,NE,68114
Doggone Good Antiques & More,101 E. 1st Street,,Chambers,NE,68725
BRT LLC,2942 Stratford Avenue,,Lincoln,NE,68502
Cleaning Ninjas,1905 High Street,1905 High Street,Lincoln,NE,68502
Cleaning Ninjas,1905 High Street,1905 High Street,Lincoln,NE,68502
Cleaning Ninjas,1905 High Street,1905 High Street,Lincoln,NE,68502
Cleaning Ninjas,1905 High Street,1905 High Street,Lincoln,NE,68502
Cleaning Ninjas,1905 High Street,1905 High Street,Lincoln,NE,68502
"L&K Construction, Inc",5217 Ascot Circle,,Lincoln,NE,68516
"Rief Design & Manufacturing, LLC",2275 N. Road Road,,Bancroft,NE,68004
"Rief Design & Manufacturing, LLC",2275 N. Road Road,,Bancroft,NE,68004
Body Wise Therapy,2504 S. 119th Street,2504 South 119th Street,Omaha,NE,68144
Body Wise Therapy,2504 S. 119th Street,2504 South 119th Street,Omaha,NE,68144
"Maria Bonita Mexican Cuisine , LLC",2219 Deer Park Blvd,,Omaha,NE,68108
"Maria Bonita Mexican Cuisine , LLC",2219 Deer Park Blvd,,Omaha,NE,68108
"Maria Bonita Mexican Cuisine , LLC",2219 Deer Park Blvd,,Omaha,NE,68108
Heartland Child Care,2506 N. 72nd Street,2506 N 72nd Street,Omaha,NE,68134
Heartland Child Care,2506 N. 72nd Street,2506 N 72nd Street,Omaha,NE,68134
Heartland Child Care,2506 N. 72nd Street,2506 N 72nd Street,Omaha,NE,68134
Ground Up Child Care,46220 N. 154th street,,Omaha,NE,68116
Ground Up Child Care,46220 N. 154th street,,Omaha,NE,68116
Ground Up Child Care,46220 N. 154th street,,Omaha,NE,68116
"Nelson Chiropractic & Active Care, PC",12309 Gold Street,,Omaha,NE,68144
"Nelson Chiropractic & Active Care, PC",12309 Gold Street,,Omaha,NE,68144
"Reddy Enterprises, Inc.",10760 Q Street,,Omaha,NE,68127
"Trident Seeding, LLC",3700 N. 48th,,Lincoln,NE,68504
A2O Contracting,4510 S. 59th Street,,Omaha,NE,68117
A2O Contracting,4510 S. 59th Street,,Omaha,NE,68117
A2O Contracting,4510 S. 59th Street,,Omaha,NE,68117
"Rossi Hair Salon, LLC","8516 Grandville Pkwy, Apt 419",,LaVista,NE,68128
Big Brother Lawn Care,1606 Lincoln Road,,Bellevue,NE,68005
Big Brother Lawn Care,1606 Lincoln Road,,Bellevue,NE,68005
Club Mex Restaurant,3018 N. 93rd Street,,Omaha,NE,68134
"Dolezals Hunting Depot, LLC",115 N. 4th Street,,Lyons,NE,68038
"Dolezals Hunting Depot, LLC",115 N. 4th Street,,Lyons,NE,68038
"Dolezals Hunting Depot, LLC",115 N. 4th Street,,Lyons,NE,68038
Landing Zone,7170 Bennington Road,,Omaha,NE,68152
"Daddy's Neighborhood Fresh Market,LLC",4811 NW Radial Hwy Highway,,Omaha,NE,68104
"Daddy's Neighborhood Fresh Market,LLC",4811 NW Radial Hwy Highway,,Omaha,NE,68104
Central American Foods LLC,1014 E. 19th Street,,Columbus,NE,68601
Central American Foods LLC,1014 E. 19th Street,,Columbus,NE,68601
Planet Earth Distilled Drinking Water,6511 Rolling Hills Ct,,Lincoln,NE,68512
Planet Earth Distilled Drinking Water,6511 Rolling Hills Ct,,Lincoln,NE,68512
Planet Earth Distilled Drinking Water,6511 Rolling Hills Ct,,Lincoln,NE,68512
"DJ and Lights, LLC",15719 R Plaza Apt 369,,OMaha,NE,68135
Nates on the Nine,1046 Country Club Drive,,Seward,NE,68434
Nates on the Nine,1046 Country Club Drive,,Seward,NE,68434
"Mays, Inc.",5150 Ames Street,,Omaha,NE,68104
"Mays, Inc.",5150 Ames Street,,Omaha,NE,68104
"Mays, Inc.",5150 Ames Street,,Omaha,NE,68104
"Mays, Inc.",5150 Ames Street,,Omaha,NE,68104
"Transformation Marketing, Inc.",209 W. 4th Street,,Panama,NE,68419
The Game Shoppe,16367 Pine Street,,Omaha,NE,68130
"Go Physical Therapy, PC","18101 R Plaza, Stuie 106 Plaza",,Omaha,NE,68136
"Little Miss Fashion, LLC","4601 S. 50th Street, Ste 214 Street",,Omaha,NE,68107
"Little Miss Fashion, LLC","4601 S. 50th Street, Ste 214 Street",,Omaha,NE,68107
"Little Miss Fashion, LLC","4601 S. 50th Street, Ste 214 Street",,Omaha,NE,68107
"DDBO, LLC dba Window World of Omaha",13229 I Street,,Omaha,NE,68128
"DDBO, LLC dba Window World of Omaha",13229 I Street,,Omaha,NE,68128
"DDBO, LLC dba Window World of Omaha",13229 I Street,,Omaha,NE,68128
"DDBO, LLC dba Window World of Omaha",13229 I Street,,Omaha,NE,68128
"Heavenly Arms Child Care, LLC",5962 Wenninghoff Road,,Omaha,NE,68134
"Heavenly Arms Child Care, LLC",5962 Wenninghoff Road,,Omaha,NE,68134
Sudanese Grocery Mart,3152 Leavenworth street,,Omaha,NE,68104
Montag Supply Company,4106 S. 90th Street,,Omaha,NE,68127
Montag Supply Company,4106 S. 90th Street,,Omaha,NE,68127
"Moonstruck Meadery, LLC",2221 Madison Street,,Bellvue,NE,68005
"Moonstruck Meadery, LLC",2221 Madison Street,,Bellvue,NE,68005
Heads Up Hounds,12705 334th Street,,Louisville,NE,68037
Heads Up Hounds,12705 334th Street,,Louisville,NE,68037
"DOWNTOWN CYCLES, LLC",2450-54 Harney Street,,Omaha,NE,68131
"DOWNTOWN CYCLES, LLC",2450-54 Harney Street,,Omaha,NE,68131
Just Pop'd Popcorn,11226 S. 96th St #119 Street,11226 South 6th Street,Papillion,NE,68046
"Imagine Concepts, LLC",6518 N. 46th Avenue,,Omaha,NE,68152
"Imagine Concepts, LLC",6518 N. 46th Avenue,,Omaha,NE,68152
Pawnee Buggy Shop,62522 710th Trail,,Pawnee City,NE,68420
"Los Solesitos Daycare,Inc",5414 S. 36th Street,,Omaha,NE,68107
"Los Solesitos Daycare,Inc",5414 S. 36th Street,,Omaha,NE,68107
I Juice 4 Life,409 w. Mission Avenue,,Bellevue,NE,68005
I Juice 4 Life,409 w. Mission Avenue,,Bellevue,NE,68005
I Juice 4 Life,409 w. Mission Avenue,,Bellevue,NE,68005
I Juice 4 Life,409 w. Mission Avenue,,Bellevue,NE,68005
"Kids Kountry, Inc.",18516 3rd Street,,Plattsmouth,NE,68048
Lopthrop Childcare Center,3000 Farnam Street,,Omaha,NE,68131
"Salsa Works, LLC",7129 Harrison Street,,La Vista,NE,68128
"TARQUIN, LLC",1700 Saltillo Road,,Roca,NE,68430
"The Approach, LLC",4314 Edgerton Dr Drive,,Bellevue,NE,68123
Dales Trash Service dba Port-A-Johns,19212 Military Road,,Bennington,NE,68007
Dales Trash Service dba Port-A-Johns,19212 Military Road,,Bennington,NE,68007
Dales Trash Service dba Port-A-Johns,19212 Military Road,,Bennington,NE,68007
Paleteria Y Neveria La Michoacana,4002 1/2 S.24th Street,,Omaha,NE,68107
Paleteria Y Neveria La Michoacana,4002 1/2 S.24th Street,,Omaha,NE,68107
"Little Foot Distribution, LLC",19409 R Street,,Omaha,NE,68135
"ACASS Systems, LLC",2215 Leavenworth Street,,Omaha,NE,68102
"ACASS Systems, LLC",2215 Leavenworth Street,,Omaha,NE,68102
PrintOvations,11037 O Street,,Omaha,NE,68137
PrintOvations,11037 O Street,,Omaha,NE,68137
"Bellin, Inc.",3021 Stratford Avenue,,Lincoln,NE,68502
TeamLogic IT of Omaha,607 Pinnacle Drive,,Papillion,NE,68046
McLovin LLC,1012 Howard Street,,Omaha,NE,68102
McLovin LLC,1012 Howard Street,,Omaha,NE,68102
"Omaha Business Insurance Solutions, Inc",10685 Bedford Avenue,,Omaha,NE,68134
"Omaha Business Insurance Solutions, Inc",10685 Bedford Avenue,,Omaha,NE,68134
"Omaha Business Insurance Solutions, Inc",10685 Bedford Avenue,,Omaha,NE,68134
"Omaha Business Insurance Solutions, Inc",10685 Bedford Avenue,,Omaha,NE,68134
"Omaha Business Insurance Solutions, Inc",10685 Bedford Avenue,,Omaha,NE,68134
"The Troll's Den, Inc",3815 2nd Avenue,,Kearney,NE,68847
"The Troll's Den, Inc",3815 2nd Avenue,,Kearney,NE,68847
MP Auto Sales,1305 N. W Radial Hwy,,Omaha,NE,68132
MP Auto Sales,1305 N. W Radial Hwy,,Omaha,NE,68132
MP Auto Sales,1305 N. W Radial Hwy,,Omaha,NE,68132
Catholic Charities - Microbusiness Training and De,3300 N. 60th Street,,Omaha,NE,68104
Catholic Charities - Microbusiness Training and De,3300 N. 60th Street,,Omaha,NE,68104
Catholic Charities - Microbusiness Training and De,3300 N. 60th Street,,Omaha,NE,68104
Catholic Charities - Microbusiness Training and De,3300 N. 60th Street,,Omaha,NE,68104
Catholic Charities - Microbusiness Training and De,3300 N. 60th Street,,Omaha,NE,68104
Catholic Charities - Microbusiness Training and De,3300 N. 60th Street,,Omaha,NE,68104
"Aruma, LLC",302 S. 11th Street,,Omaha,NE,68102
"Aruma, LLC",302 S. 11th Street,,Omaha,NE,68102
"Aruma, LLC",302 S. 11th Street,,Omaha,NE,68102
"Integrity Auto Repair, Inc",8210 Harrison Street,,Omaha,NE,68127
"Integrity Auto Repair, Inc",8210 Harrison Street,,Omaha,NE,68127
"Integrity Auto Repair, Inc",8210 Harrison Street,,Omaha,NE,68127
"Integrity Auto Repair, Inc",8210 Harrison Street,,Omaha,NE,68127
"Integrity Auto Repair, Inc",8210 Harrison Street,,Omaha,NE,68127
Paulyn’s Danceware/Dance Studio Inc.,300 W Norfolk Avenue,,Norflok,NE,68701
Paulyn’s Danceware/Dance Studio Inc.,300 W Norfolk Avenue,,Norflok,NE,68701
Paulyn’s Danceware/Dance Studio Inc.,300 W Norfolk Avenue,,Norflok,NE,68701
Paulyn’s Danceware/Dance Studio Inc.,300 W Norfolk Avenue,,Norflok,NE,68701
"Paradise Dance Club,LLC",2322 17th Street,,Columbus,NE,68601
"Paradise Dance Club,LLC",2322 17th Street,,Columbus,NE,68601
"Advantage Door and Harware Supply, Inc.",10906 John Galt Blvd,,Omaha,NE,68137
"Advantage Door and Harware Supply, Inc.",10906 John Galt Blvd,,Omaha,NE,68137
"Advantage Door and Harware Supply, Inc.",10906 John Galt Blvd,,Omaha,NE,68137
"Advantage Door and Harware Supply, Inc.",10906 John Galt Blvd,,Omaha,NE,68137
"Advantage Door and Harware Supply, Inc.",10906 John Galt Blvd,,Omaha,NE,68137
Wholelsale Jeans & Shoes Outlet dba Dejourn Fashio,4816 S. 24th Street,,Omaha,NE,68107
Money Smarts Inc.,4316 S. 48th Street,,Lincoln,NE,68516
Money Smarts Inc.,4316 S. 48th Street,,Lincoln,NE,68516
"A&K Party Pals, LLC",7400 Dodge street,,Omaha,NE,68114
"A&K Party Pals, LLC",7400 Dodge street,,Omaha,NE,68114
"Bloomfield Tire & Oil, LLC",112 W. Main St,,Bloomfield,NE,68718
"Bloomfield Tire & Oil, LLC",112 W. Main St,,Bloomfield,NE,68718
"Wayne's World of Flavor, LLC",4418 Franklin Street,,Omaha,NE,68111
"Wayne's World of Flavor, LLC",4418 Franklin Street,,Omaha,NE,68111
"Wayne's World of Flavor, LLC",4418 Franklin Street,,Omaha,NE,68111
"Wayne's World of Flavor, LLC",4418 Franklin Street,,Omaha,NE,68111
"Wayne's World of Flavor, LLC",4418 Franklin Street,,Omaha,NE,68111
"Ken & Associates, LLC",4318 N. 52nd Street #2 Street,,Omaha,NE,68104
"Ken & Associates, LLC",4318 N. 52nd Street #2 Street,,Omaha,NE,68104
"Ken & Associates, LLC",4318 N. 52nd Street #2 Street,,Omaha,NE,68104
"Ken & Associates, LLC",4318 N. 52nd Street #2 Street,,Omaha,NE,68104
"Ken & Associates, LLC",4318 N. 52nd Street #2 Street,,Omaha,NE,68104
"Adana's Kebab House, LLC",3604 Twin Creek Drive Drive,,Bellevue,NE,68123
"Adana's Kebab House, LLC",3604 Twin Creek Drive Drive,,Bellevue,NE,68123
"Adana's Kebab House, LLC",3604 Twin Creek Drive Drive,,Bellevue,NE,68123
"Adana's Kebab House, LLC",3604 Twin Creek Drive Drive,,Bellevue,NE,68123
Wilburn Construction LLC,2578 Pratt Street,,Omaha,NE,68111
Wilburn Construction LLC,2578 Pratt Street,,Omaha,NE,68111
"Crowned Star, Inc. (dba Westwood Services)",8708 S. 102nd Street,,LaVista,NE,68128
Dempsters LLC (dba Dempsters Manufacturing LLC),711 S. 6th Street,,Beatrice,NE,68310
Lincoln Mart,2619 Holdrege Street,,Lincoln,NE,68503
American Legacy Roofing,4613 S. 63rd Street,,Omaha,NE,68117
American Legacy Roofing,4613 S. 63rd Street,,Omaha,NE,68117
Perkins Construction,3223 N. 45th Street,,Omaha,NE,68104
Perkins Construction,3223 N. 45th Street,,Omaha,NE,68104
Perkins Construction,3223 N. 45th Street,,Omaha,NE,68104
Perkins Construction,3223 N. 45th Street,,Omaha,NE,68104
Perkins Construction,3223 N. 45th Street,,Omaha,NE,68104
Perkins Construction,3223 N. 45th Street,,Omaha,NE,68104
Perkins Construction,3223 N. 45th Street,,Omaha,NE,68104
Perkins Construction,3223 N. 45th Street,,Omaha,NE,68104
Charles Construction,4116 N. 37th Street,,Omaha,NE,68111
SBH Transportation,PO Box 94,,Valley,NE,68064
SBH Transportation,PO Box 94,,Valley,NE,68064
SBH Transportation,PO Box 94,,Valley,NE,68064
SBH Transportation,PO Box 94,,Valley,NE,68064
Ho-Chunk Community Capital Corporation,509 N. Ho-Chunk Plaza Plaza,,Winnebago,NE,68071
Esther Beauty Salon,1208 S. 24th Street,,Omaha,NE,68108
Esther Beauty Salon,1208 S. 24th Street,,Omaha,NE,68108
FS Brewery Inc,3922 Farnam Street,,Omaha,NE,68131
FS Brewery Inc,3922 Farnam Street,,Omaha,NE,68131
"McNeil's Cleaning, LLC","4403 N. 62nd St, #39 Street",,Omaha,NE,68104
"McNeil's Cleaning, LLC","4403 N. 62nd St, #39 Street",,Omaha,NE,68104
"McNeil's Cleaning, LLC","4403 N. 62nd St, #39 Street",,Omaha,NE,68104
"McNeil's Cleaning, LLC","4403 N. 62nd St, #39 Street",,Omaha,NE,68104
"McNeil's Cleaning, LLC","4403 N. 62nd St, #39 Street",,Omaha,NE,68104
"McNeil's Cleaning, LLC","4403 N. 62nd St, #39 Street",,Omaha,NE,68104
"McNeil's Cleaning, LLC","4403 N. 62nd St, #39 Street",,Omaha,NE,68104
"McNeil's Cleaning, LLC","4403 N. 62nd St, #39 Street",,Omaha,NE,68104
"NJ Professional Real Estate, LLC",3203 Maplewood Blvd,,Omaha,NE,68134
"NJ Professional Real Estate, LLC",3203 Maplewood Blvd,,Omaha,NE,68134
"NJ Professional Real Estate, LLC",3203 Maplewood Blvd,,Omaha,NE,68134
Ray Kyles dba YANA 2505,2415 S. Mineralr Drive,,Papillion,NE,68046
"Superior Heating & Cooling, LLC",2915 N. 16th Street,,Omaha,NE,68110
"Superior Heating & Cooling, LLC",2915 N. 16th Street,,Omaha,NE,68110
"Superior Heating & Cooling, LLC",2915 N. 16th Street,,Omaha,NE,68110
"Superior Heating & Cooling, LLC",2915 N. 16th Street,,Omaha,NE,68110
"Superior Heating & Cooling, LLC",2915 N. 16th Street,,Omaha,NE,68110
"Superior Heating & Cooling, LLC",2915 N. 16th Street,,Omaha,NE,68110
"Superior Heating & Cooling, LLC",2915 N. 16th Street,,Omaha,NE,68110
"Superior Heating & Cooling, LLC",2915 N. 16th Street,,Omaha,NE,68110
Matrixo LLC,3828 Ames Avenue,,Omaha,NE,68111
Starkweather Productions,2235 St Mary's Avenue,,Omaha,NE,68102
S & H Portable Johns,1315 E. Avenue Ave,,Holdrege,NE,68949
S & H Portable Johns,1315 E. Avenue Ave,,Holdrege,NE,68949
S & H Portable Johns,1315 E. Avenue Ave,,Holdrege,NE,68949
S & H Portable Johns,1315 E. Avenue Ave,,Holdrege,NE,68949
"Uprising Bakery, Inc",6015 Maple Street,,Omaha,NE,68104
"Uprising Bakery, Inc",6015 Maple Street,,Omaha,NE,68104
"Uprising Bakery, Inc",6015 Maple Street,,Omaha,NE,68104
"Black Men United, Inc.",4200 N. 30th Street,,Omaha,NE,68111
"Black Men United, Inc.",4200 N. 30th Street,,Omaha,NE,68111
Tech Solutions & Repair,7314 Valley Road,,LaVista,NE,68128
"Green River Recycling, LLC",1809 N. 115th Plaza #3309 Plaza,,Omaha,NE,68154
"Green River Recycling, LLC",1809 N. 115th Plaza #3309 Plaza,,Omaha,NE,68154
"Green River Recycling, LLC",1809 N. 115th Plaza #3309 Plaza,,Omaha,NE,68154
"Spotlight Formal Wear, Inc.",19902 Marcy Street,,Elkhorn,NE,68022
"Spotlight Formal Wear, Inc.",19902 Marcy Street,,Elkhorn,NE,68022
"Trailblazers Constructors, LLC",4023 N. 42nd Street,,Omaha,NE,68111
"Trailblazers Constructors, LLC",4023 N. 42nd Street,,Omaha,NE,68111
"Trailblazers Constructors, LLC",4023 N. 42nd Street,,Omaha,NE,68111
"Trailblazers Constructors, LLC",4023 N. 42nd Street,,Omaha,NE,68111
"Trailblazers Constructors, LLC",4023 N. 42nd Street,,Omaha,NE,68111
"Trailblazers Constructors, LLC",4023 N. 42nd Street,,Omaha,NE,68111
"Trailblazers Constructors, LLC",4023 N. 42nd Street,,Omaha,NE,68111
"Trailblazers Constructors, LLC",4023 N. 42nd Street,,Omaha,NE,68111
"Ruben Cothern, LLC dba Gala Painting",13063 Taylor Circle,,Omaha,NE,68164
"Ruben Cothern, LLC dba Gala Painting",13063 Taylor Circle,,Omaha,NE,68164
"Ruben Cothern, LLC dba Gala Painting",13063 Taylor Circle,,Omaha,NE,68164
"Ruben Cothern, LLC dba Gala Painting",13063 Taylor Circle,,Omaha,NE,68164
"Ruben Cothern, LLC dba Gala Painting",13063 Taylor Circle,,Omaha,NE,68164
"Ruben Cothern, LLC dba Gala Painting",13063 Taylor Circle,,Omaha,NE,68164
"Ruben Cothern, LLC dba Gala Painting",13063 Taylor Circle,,Omaha,NE,68164
"Ruben Cothern, LLC dba Gala Painting",13063 Taylor Circle,,Omaha,NE,68164
"Ruben Cothern, LLC dba Gala Painting",13063 Taylor Circle,,Omaha,NE,68164
"Ruben Cothern, LLC dba Gala Painting",13063 Taylor Circle,,Omaha,NE,68164
"Ruben Cothern, LLC dba Gala Painting",13063 Taylor Circle,,Omaha,NE,68164
"Ruben Cothern, LLC dba Gala Painting",13063 Taylor Circle,,Omaha,NE,68164
"Ruben Cothern, LLC dba Gala Painting",13063 Taylor Circle,,Omaha,NE,68164
"Ruben Cothern, LLC dba Gala Painting",13063 Taylor Circle,,Omaha,NE,68164
"Ruben Cothern, LLC dba Gala Painting",13063 Taylor Circle,,Omaha,NE,68164
"Ruben Cothern, LLC dba Gala Painting",13063 Taylor Circle,,Omaha,NE,68164
"Ruben Cothern, LLC dba Gala Painting",13063 Taylor Circle,,Omaha,NE,68164
"Core10 Pilates, LLC",17525 Gold Plaza,17525 Gold Plaza,Omaha,NE,68130
"Bling by Zing, Inc",12563 S. 79th Avenue,,Papillion,NE,68046
Taqueria Antartica,66210 Railroad Avenue,,Omaha,NE,68107
Trimmerz  Lawn and Landscape,7710 Terry Drive,,La Vista,NE,68128
Trimmerz  Lawn and Landscape,7710 Terry Drive,,La Vista,NE,68128
Trimmerz  Lawn and Landscape,7710 Terry Drive,,La Vista,NE,68128
Rodriguez Contractors LLC,5502 North 16th Street,,Omaha,NE,68110
Rodriguez Contractors LLC,5502 North 16th Street,,Omaha,NE,68110
Rodriguez Contractors LLC,5502 North 16th Street,,Omaha,NE,68110
Rodriguez Contractors LLC,5502 North 16th Street,,Omaha,NE,68110
Rodriguez Contractors LLC,5502 North 16th Street,,Omaha,NE,68110
Alvarado & Sons Inc.,4705 Giles Road,,Bellevue,NE,68157
Alvarado & Sons Inc.,4705 Giles Road,,Bellevue,NE,68157
Ho-Chunk Community Development Corporation,509 N. Ho-Chunk Plaza,,Winnebago,NE,68071
Ho-Chunk Community Development Corporation,509 N. Ho-Chunk Plaza,,Winnebago,NE,68071
Ho-Chunk Community Development Corporation,509 N. Ho-Chunk Plaza,,Winnebago,NE,68071
Ho-Chunk Community Development Corporation,509 N. Ho-Chunk Plaza,,Winnebago,NE,68071
Surface 1 Construction LLC,4004 N. 162nd Avenue,,Omaha,NE,68116
Surface 1 Construction LLC,4004 N. 162nd Avenue,,Omaha,NE,68116
Surface 1 Construction LLC,4004 N. 162nd Avenue,,Omaha,NE,68116
Surface 1 Construction LLC,4004 N. 162nd Avenue,,Omaha,NE,68116
Surface 1 Construction LLC,4004 N. 162nd Avenue,,Omaha,NE,68116
Surface 1 Construction LLC,4004 N. 162nd Avenue,,Omaha,NE,68116
"Ciera Thomas Investments, LLC dba Mo Hauling",3914 N. 17th Street,,Omaha,NE,68110
"Ciera Thomas Investments, LLC dba Mo Hauling",3914 N. 17th Street,,Omaha,NE,68110
"Ciera Thomas Investments, LLC dba Mo Hauling",3914 N. 17th Street,,Omaha,NE,68110
"Ciera Thomas Investments, LLC dba Mo Hauling",3914 N. 17th Street,,Omaha,NE,68110
"Ciera Thomas Investments, LLC dba Mo Hauling",3914 N. 17th Street,,Omaha,NE,68110
"Ciera Thomas Investments, LLC dba Mo Hauling",3914 N. 17th Street,,Omaha,NE,68110
"Ciera Thomas Investments, LLC dba Mo Hauling",3914 N. 17th Street,,Omaha,NE,68110
"Ciera Thomas Investments, LLC dba Mo Hauling",3914 N. 17th Street,,Omaha,NE,68110
Skin So Sweet Spa,7640 Towne Center Parkway,,Papillion,NE,68046
Skin So Sweet Spa,7640 Towne Center Parkway,,Papillion,NE,68046
Skin So Sweet Spa,7640 Towne Center Parkway,,Papillion,NE,68046
Skin So Sweet Spa,7640 Towne Center Parkway,,Papillion,NE,68046
"Towle & Sons, LLC",4110 W. Huntington Avenue,,Lincoln,NE,68524
"Towle & Sons, LLC",4110 W. Huntington Avenue,,Lincoln,NE,68524
"Towle & Sons, LLC",4110 W. Huntington Avenue,,Lincoln,NE,68524
"GI Print & Graphics, LLC",2315 North Webb Road,2315 North Webb Road,Grand Island,NE,68803
"GI Print & Graphics, LLC",2315 North Webb Road,2315 North Webb Road,Grand Island,NE,68803
All Business & Commercial Recycling,300 W. 7th Street,,North Platte,NE,69101
All Business & Commercial Recycling,300 W. 7th Street,,North Platte,NE,69101
Hastings Economic Development Corporation,301 S. Burlington Avenue,,Hastings,NE,68901
Hastings Economic Development Corporation,301 S. Burlington Avenue,,Hastings,NE,68901
Hastings Economic Development Corporation,301 S. Burlington Avenue,,Hastings,NE,68901
Hastings Economic Development Corporation,301 S. Burlington Avenue,,Hastings,NE,68901
"Networks Staffing Solutions, LLC",930 S. 48th Street,930 South 48th Street,Omaha,NE,68106
York Skating Rink,1017 S Road,,York,NE,68467
York Skating Rink,1017 S Road,,York,NE,68467
York Skating Rink,1017 S Road,,York,NE,68467
"Omaha Rockets Kanteen, LLC",2526 Franklin Street,,Omaha,NE,68111
"Omaha Rockets Kanteen, LLC",2526 Franklin Street,,Omaha,NE,68111
"Omaha Rockets Kanteen, LLC",2526 Franklin Street,,Omaha,NE,68111
"Darali Inc., dba Kremer Funeral Home",6302 Maple Street,6302 Maple Street,Omaha,NE,68104
Houston Construction,2505 N. 24th Street,,Omaha,NE,68110
Houston Construction,2505 N. 24th Street,,Omaha,NE,68110
Houston Construction,2505 N. 24th Street,,Omaha,NE,68110
Houston Construction,2505 N. 24th Street,,Omaha,NE,68110
Houston Construction,2505 N. 24th Street,,Omaha,NE,68110
Houston Construction,2505 N. 24th Street,,Omaha,NE,68110
Houston Construction,2505 N. 24th Street,,Omaha,NE,68110
Dakota Hills Janitorial and Window Cleaning,321 W. 7th Street,321 West 7th Street,Grand Island,NE,68801
Dakota Hills Janitorial and Window Cleaning,321 W. 7th Street,321 West 7th Street,Grand Island,NE,68801
Dakota Hills Janitorial and Window Cleaning,321 W. 7th Street,321 West 7th Street,Grand Island,NE,68801
"Best Mobile, LLC",9335 Berry Street,,Omaha,NE,68127
"Best Mobile, LLC",9335 Berry Street,,Omaha,NE,68127
"BJ's Fleet Wash, LLC",5203 N. 53rd Street,,Omaha,NE,68104
"BJ's Fleet Wash, LLC",5203 N. 53rd Street,,Omaha,NE,68104
"BJ's Fleet Wash, LLC",5203 N. 53rd Street,,Omaha,NE,68104
"Neter Enterprise, LLC",5326 Hanover Circle,,Omaha,NE,68152
"Neter Enterprise, LLC",5326 Hanover Circle,,Omaha,NE,68152
Midlands Latino Community Development,4827 S. 24th Street,4827 South 24th Street,Omaha,NE,68107
Midlands Latino Community Development,4827 S. 24th Street,4827 South 24th Street,Omaha,NE,68107
Midlands Latino Community Development,4827 S. 24th Street,4827 South 24th Street,Omaha,NE,68107
Midlands Latino Community Development,4827 S. 24th Street,4827 South 24th Street,Omaha,NE,68107
"Tuff-bilt Tractors Mfg., Inc.",2801 I Avenue,,Walthill,NE,68067
"Tuff-bilt Tractors Mfg., Inc.",2801 I Avenue,,Walthill,NE,68067
"Tuff-bilt Tractors Mfg., Inc.",2801 I Avenue,,Walthill,NE,68067
"Tuff-bilt Tractors Mfg., Inc.",2801 I Avenue,,Walthill,NE,68067
"Tuff-bilt Tractors Mfg., Inc.",2801 I Avenue,,Walthill,NE,68067
"Tuff-bilt Tractors Mfg., Inc.",2801 I Avenue,,Walthill,NE,68067
"Prestige Premium Homecare, Inc.",6901 Dodge Street,,Omaha,NE,68132
"Prestige Premium Homecare, Inc.",6901 Dodge Street,,Omaha,NE,68132
"Prestige Premium Homecare, Inc.",6901 Dodge Street,,Omaha,NE,68132
"Grain Bin Bakery, LLC",17303 NW. 70th Street,,Raymond,NE,68428
On The Edge,6572 Ames Avenue,,Omaha,NE,68104
On The Edge,6572 Ames Avenue,,Omaha,NE,68104
Frost Media Group,"2566 Leavenworth, Suite 204 Street",,Omaha,NE,68105
Frost Media Group,"2566 Leavenworth, Suite 204 Street",,Omaha,NE,68105
Frost Media Group,"2566 Leavenworth, Suite 204 Street",,Omaha,NE,68105
Frost Media Group,"2566 Leavenworth, Suite 204 Street",,Omaha,NE,68105
Connatser Contracting,1241 Linwood Lane,,Lincoln,NE,68505
KCT CONSTRUCT Inc.,18020 N. 24th Street,,Omaha,NE,68110
KCT CONSTRUCT Inc.,18020 N. 24th Street,,Omaha,NE,68110
KCT CONSTRUCT Inc.,18020 N. 24th Street,,Omaha,NE,68110
KCT CONSTRUCT Inc.,18020 N. 24th Street,,Omaha,NE,68110
KCT CONSTRUCT Inc.,18020 N. 24th Street,,Omaha,NE,68110
KCT CONSTRUCT Inc.,18020 N. 24th Street,,Omaha,NE,68110
KCT CONSTRUCT Inc.,18020 N. 24th Street,,Omaha,NE,68110
KCT CONSTRUCT Inc.,18020 N. 24th Street,,Omaha,NE,68110
KCT CONSTRUCT Inc.,18020 N. 24th Street,,Omaha,NE,68110
KCT CONSTRUCT Inc.,18020 N. 24th Street,,Omaha,NE,68110
KCT CONSTRUCT Inc.,18020 N. 24th Street,,Omaha,NE,68110
KCT CONSTRUCT Inc.,18020 N. 24th Street,,Omaha,NE,68110
KCT CONSTRUCT Inc.,18020 N. 24th Street,,Omaha,NE,68110
KCT CONSTRUCT Inc.,18020 N. 24th Street,,Omaha,NE,68110
KCT CONSTRUCT Inc.,18020 N. 24th Street,,Omaha,NE,68110
KCT CONSTRUCT Inc.,18020 N. 24th Street,,Omaha,NE,68110
KCT CONSTRUCT Inc.,18020 N. 24th Street,,Omaha,NE,68110
"Quick Bites Soul Food (Low Cost, LLC)",10724 Old Maple Road,,Omaha,NE,68134
"Quick Bites Soul Food (Low Cost, LLC)",10724 Old Maple Road,,Omaha,NE,68134
"Quick Bites Soul Food (Low Cost, LLC)",10724 Old Maple Road,,Omaha,NE,68134
"Tom's Live Market (MKKL Holdings, LLC)",2630 N Street,,Omaha,NE,68307
"Bobbi's Closet, LLC, dba Kid to Kid Omaha",1219 S. 180th Street,,Omaha,NE,68130
"Bobbi's Closet, LLC, dba Kid to Kid Omaha",1219 S. 180th Street,,Omaha,NE,68130
"Bobbi's Closet, LLC, dba Kid to Kid Omaha",1219 S. 180th Street,,Omaha,NE,68130
Midwest Women & Children's Services,7701 Pacific Street,,Omaha,NE,68114
"Blue Iron Oasis, LLC",23940 Linden Street,,Sidney,NE,69162
"Blue Iron Oasis, LLC",23940 Linden Street,,Sidney,NE,69162
"Blue Iron Oasis, LLC",23940 Linden Street,,Sidney,NE,69162
"Blue Iron Oasis, LLC",23940 Linden Street,,Sidney,NE,69162
"Blue Iron Oasis, LLC",23940 Linden Street,,Sidney,NE,69162
"Integrated Global Dimensions, LLC","1225 L Street, Suite 502 Street",,"Lincoln,",NE,68508
"Bella Dea, Inc.",PO Box 540991,,Omaha,NE,68154
"Bella Dea, Inc.",PO Box 540991,,Omaha,NE,68154
"Bella Dea, Inc.",PO Box 540991,,Omaha,NE,68154
"Wonderment Enterprises, Inc.",421 S. 11th Street,,Omaha,NE,68102
"Wonderment Enterprises, Inc.",421 S. 11th Street,,Omaha,NE,68102
"Wonderment Enterprises, Inc.",421 S. 11th Street,,Omaha,NE,68102
"Done by Nolte, Inc.",6012 N. 102nd Street,,Omaha,NE,68134
"Done by Nolte, Inc.",6012 N. 102nd Street,,Omaha,NE,68134
"DVO Inspection Services, Inc.",13006 Southdale Drive,,Omaha,NE,68137
"DVO Inspection Services, Inc.",13006 Southdale Drive,,Omaha,NE,68137
"DVO Inspection Services, Inc.",13006 Southdale Drive,,Omaha,NE,68137
"MJ's Wireless, LLC",4322 S. 24th Street,,Omaha,NE,68107
"Dance Out Loud Productions, LLC",2436 S. 156th Circle,,Omaha,NE,68130
Olguin Construction,5113 Orchard Avenue,,Omaha,NE,68119
Olguin Construction,5113 Orchard Avenue,,Omaha,NE,68119
Olguin Construction,5113 Orchard Avenue,,Omaha,NE,68119
Shear Elegance,2611 Northaven Drive,,Gothenburg,NE,69138
Northeast Nebraska Economic Development District,111 S. 1st Street,111 South 1st Street,Norfolk,NE,68701
Northeast Nebraska Economic Development District,111 S. 1st Street,111 South 1st Street,Norfolk,NE,68701
Northeast Nebraska Economic Development District,111 S. 1st Street,111 South 1st Street,Norfolk,NE,68701
Honey Bunny Soap Co.,409 W. Mission Avenue,,Bellevue,NE,68005
The Schultz Group,72327 615th Avenue,72327 615 Avenue,Tecumseh,NE,68450
"Hillside Events, LLC",12400 W. Denton Road,12400 West Denton Road,Denton,NE,68339
"Hillside Events, LLC",12400 W. Denton Road,12400 West Denton Road,Denton,NE,68339
"North End Teleservices, LLC",1500 N. 24th Street,,Omaha,NE,68110
"North End Teleservices, LLC",1500 N. 24th Street,,Omaha,NE,68110
"North End Teleservices, LLC",1500 N. 24th Street,,Omaha,NE,68110
"North End Teleservices, LLC",1500 N. 24th Street,,Omaha,NE,68110
"North End Teleservices, LLC",1500 N. 24th Street,,Omaha,NE,68110
"M.A.D. Food Services, LLC",1211 N. Taft Street,,Lexington,NE,68850
Future Construction Specialties,3113 S. 19 street,,Omaha,NE,68108
"Me Repurposed Country Store, Inc.",7110 N. 107th CT Lot 107 Court,,Omaha,NE,68122
"Steve's Place Convenience Store, LLC",2425 Fontenelle Blvd,,Omaha,NE,68104
"Steve's Place Convenience Store, LLC",2425 Fontenelle Blvd,,Omaha,NE,68104
"Steve's Place Convenience Store, LLC",2425 Fontenelle Blvd,,Omaha,NE,68104
"Steve's Place Convenience Store, LLC",2425 Fontenelle Blvd,,Omaha,NE,68104
"Tantalizing Tasties, LLC",2118 N. 24th Street,,Omaha,NE,68107
"Tantalizing Tasties, LLC",2118 N. 24th Street,,Omaha,NE,68107
"Tantalizing Tasties, LLC",2118 N. 24th Street,,Omaha,NE,68107
"Tantalizing Tasties, LLC",2118 N. 24th Street,,Omaha,NE,68107
"Tantalizing Tasties, LLC",2118 N. 24th Street,,Omaha,NE,68107
"Mustang Electric, Inc",13805 Marinda Circle,,Omaha,NE,68144
"Mustang Electric, Inc",13805 Marinda Circle,,Omaha,NE,68144
"Mustang Electric, Inc",13805 Marinda Circle,,Omaha,NE,68144
"Mustang Electric, Inc",13805 Marinda Circle,,Omaha,NE,68144
"Northeast Economic Development, Inc",111 S. 1st Street,11 South 1st Street,Norfolk,NE,68701
"Northeast Economic Development, Inc",111 S. 1st Street,11 South 1st Street,Norfolk,NE,68701
"Northeast Economic Development, Inc",111 S. 1st Street,11 South 1st Street,Norfolk,NE,68701
"Northeast Economic Development, Inc",111 S. 1st Street,11 South 1st Street,Norfolk,NE,68701
Cozad Floral & Gifts,732 Meridian Street,,Cozad,NE,69130
Cozad Floral & Gifts,732 Meridian Street,,Cozad,NE,69130
Cozad Floral & Gifts,732 Meridian Street,,Cozad,NE,69130
Cozad Floral & Gifts,732 Meridian Street,,Cozad,NE,69130
No More Empty Pots,8511 N. 30th Street,,Omaha,NE,68112
No More Empty Pots,8511 N. 30th Street,,Omaha,NE,68112
"CE Olson Entertainment, LLC dba Plaza Lanes",520 W. 23rd Street,,Fremont,NE,68025
"CE Olson Entertainment, LLC dba Plaza Lanes",520 W. 23rd Street,,Fremont,NE,68025
"CE Olson Entertainment, LLC dba Plaza Lanes",520 W. 23rd Street,,Fremont,NE,68025
"Small Beginnings Child Care, LLC",654 N. Elm Street,654 North Elm Street,Long Pine,NE,69217
Clothes Hamper,4039 Mary Street,4039 Mary Street,Omaha,NE,68112
Clothes Hamper,4039 Mary Street,4039 Mary Street,Omaha,NE,68112
"Worldwide Access Solutions, Inc.",11885 N. 96th Street,11885 North 96th Street,Omaha,NE,68122
Tyrice Painting Company,2022 N. 18th Street,,Omaha,NE,68102
Tyrice Painting Company,2022 N. 18th Street,,Omaha,NE,68102
Tyrice Painting Company,2022 N. 18th Street,,Omaha,NE,68102
Tyrice Painting Company,2022 N. 18th Street,,Omaha,NE,68102
Tyrice Painting Company,2022 N. 18th Street,,Omaha,NE,68102
"Larson's Locked & Loaded, LLC",202 N. 3rd Avenue,202 North 3rd Avenue,York,NE,68467
"Ebco, Llc",107 5th Street,107 5 streeet,Sumner,NE,68878
American Fire & Life Safety,1108 Orange Road,,Grand Island,NE,68801
American Fire & Life Safety,1108 Orange Road,,Grand Island,NE,68801
American Fire & Life Safety,1108 Orange Road,,Grand Island,NE,68801
American Fire & Life Safety,1108 Orange Road,,Grand Island,NE,68801
NeighborWorks Omaha,"1701 N. 24th Street, Ste 102",,Omaha,NE,68110
NeighborWorks Omaha,"1701 N. 24th Street, Ste 102",,Omaha,NE,68110
NeighborWorks Omaha,"1701 N. 24th Street, Ste 102",,Omaha,NE,68110
The Lamp Post,611 7th Avenue West Avenue,611 west 7th avenue,Benkelman,NE,69021
The Lamp Post,611 7th Avenue West Avenue,611 west 7th avenue,Benkelman,NE,69021
The Lamp Post,611 7th Avenue West Avenue,611 west 7th avenue,Benkelman,NE,69021
"Pishon Boutique, LLC",11306 S. 44th Avenue,,Bellevue,NE,68123
"Pishon Boutique, LLC",11306 S. 44th Avenue,,Bellevue,NE,68123
"P1P1 Construction, Inc.",3610 U Street,,Omaha,NE,68107
"P1P1 Construction, Inc.",3610 U Street,,Omaha,NE,68107
"P1P1 Construction, Inc.",3610 U Street,,Omaha,NE,68107
"P1P1 Construction, Inc.",3610 U Street,,Omaha,NE,68107
"Universal Auto Transportation, LLC",5327 S. 53rd Street,,Omaha,NE,68117
"Universal Auto Transportation, LLC",5327 S. 53rd Street,,Omaha,NE,68117
"Omaha Carpet Plus, Inc.",4452 S. 45th Street,,Omaha,NE,68117
"Omaha Carpet Plus, Inc.",4452 S. 45th Street,,Omaha,NE,68117
"KTM MANAGEMENT, INC.",2720 Keystone Drive,2720 Keystone Drive,Omaha,NE,68134
"Jubilee Catering, LLC",1528 L Street,,Ord,NE,68862
"Jubilee Catering, LLC",1528 L Street,,Ord,NE,68862
"Jubilee Catering, LLC",1528 L Street,,Ord,NE,68862
24 Hour Tees,503 E. 17th Street,,Kearney,NE,68847
24 Hour Tees,503 E. 17th Street,,Kearney,NE,68847
24 Hour Tees,503 E. 17th Street,,Kearney,NE,68847
"Rosa Maria Rey, Agent for Farmers Insurance Agency",13750 Hillard Avenue,13750 Hillard Avenue,Omaha,NE,68137
Prescription Pyro,"959 Myers Rd, Broken Bow, NE, USA",,Broken Bow,NE,68822
Prescription Pyro,"959 Myers Rd, Broken Bow, NE, USA",,Broken Bow,NE,68822
Prescription Pyro,"959 Myers Rd, Broken Bow, NE, USA",,Broken Bow,NE,68822
Prescription Pyro,"959 Myers Rd, Broken Bow, NE, USA",,Broken Bow,NE,68822
Prescription Pyro,"959 Myers Rd, Broken Bow, NE, USA",,Broken Bow,NE,68822
Prescription Pyro,"959 Myers Rd, Broken Bow, NE, USA",,Broken Bow,NE,68822
Rural Investment Corporation,145 Main Street,PO Box 136,Lyons,NE,68038
Rural Investment Corporation,145 Main Street,PO Box 136,Lyons,NE,68038
Rural Investment Corporation,145 Main Street,PO Box 136,Lyons,NE,68038
Rural Investment Corporation,145 Main Street,PO Box 136,Lyons,NE,68038
Rural Investment Corporation,145 Main Street,PO Box 136,Lyons,NE,68038
Rural Investment Corporation,145 Main Street,PO Box 136,Lyons,NE,68038
Rural Investment Corporation,145 Main Street,PO Box 136,Lyons,NE,68038
Rural Investment Corporation,145 Main Street,PO Box 136,Lyons,NE,68038
Rural Investment Corporation,145 Main Street,PO Box 136,Lyons,NE,68038
Rural Investment Corporation,145 Main Street,PO Box 136,Lyons,NE,68038
Rural Investment Corporation,145 Main Street,PO Box 136,Lyons,NE,68038
Rural Investment Corporation,145 Main Street,PO Box 136,Lyons,NE,68038
Rural Investment Corporation,145 Main Street,PO Box 136,Lyons,NE,68038
Rural Investment Corporation,145 Main Street,PO Box 136,Lyons,NE,68038
Rural Investment Corporation,145 Main Street,PO Box 136,Lyons,NE,68038
Rural Investment Corporation,145 Main Street,PO Box 136,Lyons,NE,68038
Rural Investment Corporation,145 Main Street,PO Box 136,Lyons,NE,68038
Rural Investment Corporation,145 Main Street,PO Box 136,Lyons,NE,68038
Rural Investment Corporation,145 Main Street,PO Box 136,Lyons,NE,68038
Rural Investment Corporation,145 Main Street,PO Box 136,Lyons,NE,68038
Rural Investment Corporation,145 Main Street,PO Box 136,Lyons,NE,68038
"RJM Property, LLC dbaThe Home Improvement Store",6677 Sorensen Parkway,,Omaha,NE,68152
Monica Sempek Photography,6624 S. 108th Avenue,,Omaha,NE,68137
Monica Sempek Photography,6624 S. 108th Avenue,,Omaha,NE,68137
"Discount Eyewear, LLC",2819 Miami Street,,Omaha,NE,68110
"Discount Eyewear, LLC",2819 Miami Street,,Omaha,NE,68110
"Craig Holdings, LLC dba Lease Genie",11317 Gold Street,,Omaha,NE,68144
"Craig Holdings, LLC dba Lease Genie",11317 Gold Street,,Omaha,NE,68144
Progeny Enterprises,9427 Himebaugh Circle,,Omaha,NE,68134
Progeny Enterprises,9427 Himebaugh Circle,,Omaha,NE,68134
"Marrakech, Inc.",3118 Cottage Grove Avenue,3118 Cottage Grove Avenue,Omaha,NE,68131
"Marrakech, Inc.",3118 Cottage Grove Avenue,3118 Cottage Grove Avenue,Omaha,NE,68131
"Anything Anymated, Inc.","7117 Farnam Street, #14 Street",,Omaha,NE,68132
"Take Flight Investments, LLC - Blue Stripe Photography",209 W. 3rd Street,,Grand Island,NE,68803
"Countryside Greenhouse, LLC",539 W. Nelson Road,539 West Nelson Road,Wellfleet,NE,69170
"JBP Concrete & Construction, LLC",2308 Q Street,,Omaha,NE,68107
GROW Nebraska,416 Center Avenue,,Holbrook,NE,68948
A&B Towing,1312 South 11th Street,,Omaha,NE,68108
A&B Towing,1312 South 11th Street,,Omaha,NE,68108
Collective Impact Group,7051 Ames Avenue,,Omaha,NE,68110
Diamond Shine Auto Detailing,11422 S. 146th Street,,Omaha,NE,68138
Diamond Shine Auto Detailing,11422 S. 146th Street,,Omaha,NE,68138
"Midwest Quality Insulation, LLC",4363 S. 89th Street,,Omaha,NE,68127
Food Cupboard,522 S. Elm Avenue,,Hastings,NE,68901
"Sprouts Learning Center, LLC",4411 N. 61st Street,,Omaha,NE,68104
"Sprouts Learning Center, LLC",4411 N. 61st Street,,Omaha,NE,68104
"Poly Tech, LLC",990 Cottonwood Road,,Seward,NE,68434
"Kids Express, LLC",5717 Grand Avenue,,Omaha,NE,68104
Nightjar Coffee dba Amateur Coffee,3913 Cuming Street,,Omaha,NE,68131
"Omaha Small Business  Network, Inc.",2505 N. 24th Street,,Omaha,NE,68110
"SJN, LLC",120 S. 38th # 11 Avenue,,Omaha,NE,68131
"Nebraska City Nutrition, LLC",618 Central Avenue,,Nebraska City,NE,68410
"Nebraska City Nutrition, LLC",618 Central Avenue,,Nebraska City,NE,68410
"D&T Assembly, Inc.",4510 N. 30 Street,,Omaha,NE,68135
"Anthony Piccolo's Mobile Venue, LLC",2236 S. 20th Street,,Omaha,NE,68108
"Meininger Fire Protection, Inc.",Po Box 85535,,Lincoln,NE,68501
"Kerf Cutting Solutions, LLC",1112 Timber Drive,,Pappillion,NE,68046
"Kerf Cutting Solutions, LLC",1112 Timber Drive,,Pappillion,NE,68046
"Kerf Cutting Solutions, LLC",1112 Timber Drive,,Pappillion,NE,68046
"Kerf Cutting Solutions, LLC",1112 Timber Drive,,Pappillion,NE,68046
"Larimar Insurance Agency, LLC",9335 Berry Street,,Omaha,NE,68127
"Larimar Insurance Agency, LLC",9335 Berry Street,,Omaha,NE,68127
La Bahia Restaurante LLC,1122 B Street,,Schuyler,NE,68661
La Bahia Restaurante LLC,1122 B Street,,Schuyler,NE,68661
Hamilton Behavioral Services LLC,12717 S. 28th Avenue Suite B Avenue,,Bellevue,NE,68123
"Villaconn, LLC",5760 S. 86th Dr,Ste 2,Lincoln,NE,68504
"Small Business Services IVT, LLC",5421 N. 103 Street,Suite 400/406,Omaha,NE,68134
"Small Business Services IVT, LLC",5421 N. 103 Street,Suite 400/406,Omaha,NE,68134
"Small Business Services IVT, LLC",5421 N. 103 Street,Suite 400/406,Omaha,NE,68134
"Small Business Services IVT, LLC",5421 N. 103 Street,Suite 400/406,Omaha,NE,68134
Edge Publishing,1610 I Street,,Fairbury,NE,68352
"Jomylethz Construction Services, LLC",2435 Himebaugh Avenue,,Omaha,NE,68111
"Jomylethz Construction Services, LLC",2435 Himebaugh Avenue,,Omaha,NE,68111
Nofia Counseling,5517 NW. Radial Hwy. Highway,,Omaha,NE,68104
Nofia Counseling,5517 NW. Radial Hwy. Highway,,Omaha,NE,68104
"Rainbow Flag, LLC",6177 Center Street,,Omaha,NE,68106
"Rainbow Flag, LLC",6177 Center Street,,Omaha,NE,68106
"Rainbow Flag, LLC",6177 Center Street,,Omaha,NE,68106
Wheeler Automotive,1473 Wilbur Street,,Blair,NE,68008
Wheeler Automotive,1473 Wilbur Street,,Blair,NE,68008
The Chocolate Bar,116 West 3rd Street,,Grand Island,NE,68801
"Innovative Ag Group, LLC",711 Marshall Avenue,,Bertrand,NE,68927
"J. J. Reynolds Transport, Inc.",5346 N. 25th Avenue,,Omaha,NE,68111
The Chocolate Bar,116 West 3rd Street,,Grand Island,NE,68801
The Chocolate Bar,116 West 3rd Street,,Grand Island,NE,68801
The Chocolate Bar,116 West 3rd Street,,Grand Island,NE,68801
Bishop Plumbing & Heating,222 1st Corso Ste. B Street,,Nebraska City,NE,68410
Bishop Plumbing & Heating,222 1st Corso Ste. B Street,,Nebraska City,NE,68410
Ella Belle Mobile Cafe on Wheels,5623 Ellison Avenue,,Omaha,NE,68110
Ella Belle Mobile Cafe on Wheels,5623 Ellison Avenue,,Omaha,NE,68110
"CBS, LLC",715 1st Corso Street,,Nebraska City,NE,68410
"CBS, LLC",715 1st Corso Street,,Nebraska City,NE,68410
Mixins Ice Cream,3407 Boyd Street,,Omaha,NE,68111
Mixins Ice Cream,3407 Boyd Street,,Omaha,NE,68111
Mixins Ice Cream,3407 Boyd Street,,Omaha,NE,68111
Mixins Ice Cream,3407 Boyd Street,,Omaha,NE,68111
Dawson Home,529 Meridan Avenue,,Cozad,NE,69130
Dawson Home,529 Meridan Avenue,,Cozad,NE,69130
Dawson Home,529 Meridan Avenue,,Cozad,NE,69130
Little Jay's Playgroup,520 Miller Street,,Ravenna,NE,68869
Little Jay's Playgroup,520 Miller Street,,Ravenna,NE,68869
"Powerhouse Enterprises, LLC",237 N. 17th Avenue,,Blair,NE,68008
"Tienda Maya, LLC",3839 Castelar Street,,Omaha,NE,68105
"Wulff / NRW Enterprises, LLC",3329 12th Avenue,,Council Bluffs,IA,51501
"Wulff / NRW Enterprises, LLC",3329 12th Avenue,,Council Bluffs,IA,51501
"BB's  Childcare, LLC",4407 N. 61st Street,,Omaha,NE,68104
"BB's  Childcare, LLC",4407 N. 61st Street,,Omaha,NE,68104
"BB's  Childcare, LLC",4407 N. 61st Street,,Omaha,NE,68104
Jedd Trucking,155 S. 10th Street,,David City,NE,68632
Jedd Trucking,155 S. 10th Street,,David City,NE,68632
B & B Classic Dogs,1120 Lincoln Road,,Bellevue,NE,68005
"Uptagz, Inc.",5919 N. 52nd Street,,Omaha,NE,68104
Expressway Detailing Auto Spa,1915 S. 44th Street,,Omaha,NE,68105
Expressway Detailing Auto Spa,1915 S. 44th Street,,Omaha,NE,68105
"Tiny Footprints, Inc.",12306 Decatur Street,,Omaha,NE,68154
"Tiny Footprints, Inc.",12306 Decatur Street,,Omaha,NE,68154
"Yisell's Boutique, LLC",1303 Pierce Street,Apt. 102,Norfolk,NE,68701
"Yisell's Boutique, LLC",1303 Pierce Street,Apt. 102,Norfolk,NE,68701
"Baker's Kidz Gym, LLC",14218 Potter Parkway,,Omaha,NE,68142
"Baker's Kidz Gym, LLC",14218 Potter Parkway,,Omaha,NE,68142
"Baker's Kidz Gym, LLC",14218 Potter Parkway,,Omaha,NE,68142
World Class Cleaners,1512 N. 40th Street,,Omaha,NE,68111
World Class Cleaners,1512 N. 40th Street,,Omaha,NE,68111
"Our SpecialTea, Inc",240 East 5th Street,,Fremont,NE,68025
"Our SpecialTea, Inc",240 East 5th Street,,Fremont,NE,68025
"Our SpecialTea, Inc",240 East 5th Street,,Fremont,NE,68025
J-Dawgs Hot Dog Stand,312 S. 11th Street,,Norfolk,NE,68701
J-Dawgs Hot Dog Stand,312 S. 11th Street,,Norfolk,NE,68701
"JFA Brothers Flooring, LLC",3724 S. Street Street,,Omaha,NE,68107
"JFA Brothers Flooring, LLC",3724 S. Street Street,,Omaha,NE,68107
"JFA Brothers Flooring, LLC",3724 S. Street Street,,Omaha,NE,68107
"Get N Go Fish, LLC",1706 N. 24th Street,,Omaha,NE,68102
"Get N Go Fish, LLC",1706 N. 24th Street,,Omaha,NE,68102
"Davidsons Custom Upholstery, LLC",1797 County Road B Road,,Ceresco,NE,68017
"Davidsons Custom Upholstery, LLC",1797 County Road B Road,,Ceresco,NE,68017
"Davidsons Custom Upholstery, LLC",1797 County Road B Road,,Ceresco,NE,68017
Appsky Labs LLC,356 N. 76th Street,,Omaha,NE,68114
Appsky Labs LLC,356 N. 76th Street,,Omaha,NE,68114
Appsky Labs LLC,356 N. 76th Street,,Omaha,NE,68114
Appsky Labs LLC,356 N. 76th Street,,Omaha,NE,68114
"Fox Flooring, LLC",1905 Harney St,,Omaha,NE,68102
"Fox Flooring, LLC",1905 Harney St,,Omaha,NE,68102
Norfolk Asian Grocery Store,1106 W. Benjamin Avenue,,Norforlk,NE,68701
Norfolk Asian Grocery Store,1106 W. Benjamin Avenue,,Norforlk,NE,68701
G & G concrete,543 W. Jensen Street,,Fremont,NE,68025
G & G concrete,543 W. Jensen Street,,Fremont,NE,68025
G & G concrete,543 W. Jensen Street,,Fremont,NE,68025
"Mid America Casing Supply, LLC",463 463 W. Carrine Drive,,Lincoln,NE,68501
"Mid America Casing Supply, LLC",463 463 W. Carrine Drive,,Lincoln,NE,68501
"Mid America Casing Supply, LLC",463 463 W. Carrine Drive,,Lincoln,NE,68501
"JT&T Trucking, LLC",13830 N. 78th Street,,Omaha,NE,68122
"JT&T Trucking, LLC",13830 N. 78th Street,,Omaha,NE,68122
"JT&T Trucking, LLC",13830 N. 78th Street,,Omaha,NE,68122
"Mares Logistics, LLC",2765 37th Avenue,,Columbus,NE,68601
"Mares Logistics, LLC",2765 37th Avenue,,Columbus,NE,68601
"Mares Logistics, LLC",2765 37th Avenue,,Columbus,NE,68601
Taqueria Gonzalez LLC,313 Indiana Avenue,,Norfolk,NE,68701
Taqueria Gonzalez LLC,313 Indiana Avenue,,Norfolk,NE,68701
Taqueria Gonzalez LLC,313 Indiana Avenue,,Norfolk,NE,68701
Taqueria Gonzalez LLC,313 Indiana Avenue,,Norfolk,NE,68701
Taqueria Gonzalez LLC,313 Indiana Avenue,,Norfolk,NE,68701
The Modern Muse,854 18th Avenue,,Columbus,NE,68601
The Modern Muse,854 18th Avenue,,Columbus,NE,68601
The Modern Muse,854 18th Avenue,,Columbus,NE,68601
"Noa, Inc.",3830 Cass Street,Apt 4,Omaha,NE,68131
"Noa, Inc.",3830 Cass Street,Apt 4,Omaha,NE,68131
Liberty Mobility Now,1225 L Street Ste 502 Street,,Lincoln,NE,60508
"Elite Auto Center, LLC dba Creative Venture Enterp",1209 Fort Crook Road South,,Bellevue,NE,68005
"Elite Auto Center, LLC dba Creative Venture Enterp",1209 Fort Crook Road South,,Bellevue,NE,68005
"Elite Auto Center, LLC dba Creative Venture Enterp",1209 Fort Crook Road South,,Bellevue,NE,68005
"Elite Auto Center, LLC dba Creative Venture Enterp",1209 Fort Crook Road South,,Bellevue,NE,68005
Pave 911,10015 170th Circle,,Omaha,NE,68136
Pave 911,10015 170th Circle,,Omaha,NE,68136
Pave 911,10015 170th Circle,,Omaha,NE,68136
"California Produce, LLC dba Isla del Mar Restauran",3034 S. 20th Street,,Omaha,NE,68108
"California Produce, LLC dba Isla del Mar Restauran",3034 S. 20th Street,,Omaha,NE,68108
"California Produce, LLC dba Isla del Mar Restauran",3034 S. 20th Street,,Omaha,NE,68108
"Beyond Mink Hair Extensions Boutique, LLC",4106 Corby Street,,Omaha,NE,68111
"Cafe Le Fleur, LLC",14242 Fort Street,,Omana,NE,68022
"Cafe Le Fleur, LLC",14242 Fort Street,,Omana,NE,68022
Rider Chiropractic PC,"13220 Callum Drive, Stuite 2",,Waverly,NE,68462
"Cafe Le Fleur, LLC",14242 Fort Street,,Omana,NE,68022
Rider Chiropractic PC,"13220 Callum Drive, Stuite 2",,Waverly,NE,68462
"Zoe Unlimited, LLC",3606 S. 74th Street,,Omaha,NE,68124
"Zoe Unlimited, LLC",3606 S. 74th Street,,Omaha,NE,68124
"Zoe Unlimited, LLC",3606 S. 74th Street,,Omaha,NE,68124
D & R Auto Repair,1254 12th Avenue,,Columbus,NE,68601
D & R Auto Repair,1254 12th Avenue,,Columbus,NE,68601
"Reception Connection, LLC",12100 W. Center Road Ste. 529 road,,Omaha,NE,68144
"Reception Connection, LLC",12100 W. Center Road Ste. 529 road,,Omaha,NE,68144
"Remedy Roads, LLC",1421 North 21st Street,,Omaha,NE,68102
"Remedy Roads, LLC",1421 North 21st Street,,Omaha,NE,68102
Remedy Roads Realty LLC,4211 South 143rd Circle,,Omaha,NE,68137
"Elegant Edge Events, LLC",5360 South 174th Avenue,,Omaha,NE,68135
"Elegant Edge Events, LLC",5360 South 174th Avenue,,Omaha,NE,68135
"Decker Sports, LLC",25045 156th Circle,,Omaha,NE,68130
"Decker Sports, LLC",25045 156th Circle,,Omaha,NE,68130
Aracely's Decorations,2859 38th Avenue,,Columbus,NE,68601
Aracely's Decorations,2859 38th Avenue,,Columbus,NE,68601
"Kashay's Childcare Learning Center, LLC",4137 Grand Avenue,,Omaha,NE,68111
"Kashay's Childcare Learning Center, LLC",4137 Grand Avenue,,Omaha,NE,68111
"Kashay's Childcare Learning Center, LLC",4137 Grand Avenue,,Omaha,NE,68111
"Kashay's Childcare Learning Center, LLC",4137 Grand Avenue,,Omaha,NE,68111
"ILOVEME Enterprises, LLC","4439 Commercial Avenue, #3",,Omaha,NE,68111
"Business Seals Consulting Firm, LLC",7229 Edna Court,,La Vista,NE,68128
"Business Seals Consulting Firm, LLC",7229 Edna Court,,La Vista,NE,68128
"Patty's Child Care Center, Inc.",1216 Royal Drive,,Papillion,NE,68046
"Patty's Child Care Center, Inc.",1216 Royal Drive,,Papillion,NE,68046
"Patty's Child Care Center, Inc.",1216 Royal Drive,,Papillion,NE,68046
"Patty's Child Care Center, Inc.",1216 Royal Drive,,Papillion,NE,68046
"Patty's Child Care Center, Inc.",1216 Royal Drive,,Papillion,NE,68046
"Patty's Child Care Center, Inc.",1216 Royal Drive,,Papillion,NE,68046
"Patty's Child Care Center, Inc.",1216 Royal Drive,,Papillion,NE,68046
"Patty's Child Care Center, Inc.",1216 Royal Drive,,Papillion,NE,68046
"DAP Trucking, Inc.",4730 Seward Street,,Omaha,NE,68104
"DAP Trucking, Inc.",4730 Seward Street,,Omaha,NE,68104
"DAP Trucking, Inc.",4730 Seward Street,,Omaha,NE,68104
"DAP Trucking, Inc.",4730 Seward Street,,Omaha,NE,68104
"DAP Trucking, Inc.",4730 Seward Street,,Omaha,NE,68104
"Outlaw Garden Products, Inc.",410 South Meridian Avenue,,Cozad,NE,69130
"Signex, Inc.",20210 Roberts Street,,Omaha,NE,68022
"Signex, Inc.",20210 Roberts Street,,Omaha,NE,68022
"Escobedo Enterprises, Inc.",15619 W. Center Road,,Omaha,NE,68130
"Escobedo Enterprises, Inc.",15619 W. Center Road,,Omaha,NE,68130
"NETNT, LLC","15475 Ruggles Street, Suite 112 Street",,Omaha,NE,68116
"NETNT, LLC","15475 Ruggles Street, Suite 112 Street",,Omaha,NE,68116
"NETNT, LLC","15475 Ruggles Street, Suite 112 Street",,Omaha,NE,68116
"Ayalas Painting & Remodeling, LLC",511 Martha Street,,Omaha,NE,68108
"Ayalas Painting & Remodeling, LLC",511 Martha Street,,Omaha,NE,68108
Coyote Auto Sales,2304 11th Street,,Columbus,NE,68601
Coyote Auto Sales,2304 11th Street,,Columbus,NE,68601
"Select Roofing, LLC",4431 N. 60th Avenue,,Omaha,NE,68104
"Select Roofing, LLC",4431 N. 60th Avenue,,Omaha,NE,68104
"Select Roofing, LLC",4431 N. 60th Avenue,,Omaha,NE,68104
"BTA HOWE, LLC",2204 Pratt Avenue,,Bellevue,NE,68123
"BTA HOWE, LLC",2204 Pratt Avenue,,Bellevue,NE,68123
3 Girls & A Truck,15029 E. Plaza Lot#193 Plaza,,Omaha,NE,68137
3 Girls & A Truck,15029 E. Plaza Lot#193 Plaza,,Omaha,NE,68137
3 Girls & A Truck,15029 E. Plaza Lot#193 Plaza,,Omaha,NE,68137
Renkoski Vegetation Services,2730 El Rancho Road,,Sidney,NE,69162
Renkoski Vegetation Services,2730 El Rancho Road,,Sidney,NE,69162
Sandys Distribution LLC,1915 S. 13th Street,,Omaha,NE,68108
Sandys Distribution LLC,1915 S. 13th Street,,Omaha,NE,68108
Sandys Distribution LLC,1915 S. 13th Street,,Omaha,NE,68108
The Spotlight Comedy House,6669 Sorensen Parkway,,Omaha,NE,68152
The Spotlight Comedy House,6669 Sorensen Parkway,,Omaha,NE,68152
The Spotlight Comedy House,6669 Sorensen Parkway,,Omaha,NE,68152
The Spotlight Comedy House,6669 Sorensen Parkway,,Omaha,NE,68152
The Spotlight Comedy House,6669 Sorensen Parkway,,Omaha,NE,68152
Didact Electrical Corporation,523 N. 9th Street,,Plattsmourth,NE,68048
"Nest Space, LLC dba Nest Work",110 W. 24th Street,,Kearney,NE,68847
"Nest Space, LLC dba Nest Work",110 W. 24th Street,,Kearney,NE,68847
"Nest Space, LLC dba Nest Work",110 W. 24th Street,,Kearney,NE,68847
"MP Market, LLC",5921 Ames Avenue,,Omaha,NE,68104
"MP Market, LLC",5921 Ames Avenue,,Omaha,NE,68104
"MP Market, LLC",5921 Ames Avenue,,Omaha,NE,68104
"Children's Angel Childcare, LLC",11325 Davenport Street,,Omaha,NE,68154
"Children's Angel Childcare, LLC",11325 Davenport Street,,Omaha,NE,68154
4D Hospitality dba D&K Lanes,118 S. Main Street,,Plainview,NE,68769
"Nuna Grace Decor, LLC",8021 N. 150th Terrace,,Bennington,NE,68007
"M's Formal, LLC",1035 W. 21st Street,,South Sioux City,NE,68776
"M's Formal, LLC",1035 W. 21st Street,,South Sioux City,NE,68776
"GRE VENTURES, LLC",15650 W. Maple Road,,Omaha,NE,68116
"GRE VENTURES, LLC",15650 W. Maple Road,,Omaha,NE,68116
"GRE VENTURES, LLC",15650 W. Maple Road,,Omaha,NE,68116
"GRE VENTURES, LLC",15650 W. Maple Road,,Omaha,NE,68116
"H.H.E.R.S., LLC",1461 Lothrop Street,,Omaha,NE,68110
"H.H.E.R.S., LLC",1461 Lothrop Street,,Omaha,NE,68110
"H.H.E.R.S., LLC",1461 Lothrop Street,,Omaha,NE,68110
"H.H.E.R.S., LLC",1461 Lothrop Street,,Omaha,NE,68110
"H.H.E.R.S., LLC",1461 Lothrop Street,,Omaha,NE,68110
Vene Consulting LLC dba Vene Recreations,218 6th Street,,Columbus,NE,68601
Vene Consulting LLC dba Vene Recreations,218 6th Street,,Columbus,NE,68601
"Big G's Fillet, LLC",1840 North 16th Street,,Omaha,NE,68110
"CSC Tan, LLC",11905 Timberridge Drive,,Papillion,NE,68133
"CSC Tan, LLC",11905 Timberridge Drive,,Papillion,NE,68133
"CSC Tan, LLC",11905 Timberridge Drive,,Papillion,NE,68133
"MCLW Freight & Logistics Services, LLC",1299 Farnam Street,,Omaha,NE,68111
"MCLW Freight & Logistics Services, LLC",1299 Farnam Street,,Omaha,NE,68111
The 411 Restaurant and Lounge,411 W Norfolk Avenue,,Norfolk,NE,68701
The 411 Restaurant and Lounge,411 W Norfolk Avenue,,Norfolk,NE,68701
The 411 Restaurant and Lounge,411 W Norfolk Avenue,,Norfolk,NE,68701
Jacqueline Valdivia,3127 E. 25th Street,,Columbus,NE,68601
"EPS JUNE, CO., dba The Chocolate Bar",19123 Illinois Avenue,,Grand Island,NE,68801
"EPS JUNE, CO., dba The Chocolate Bar",19123 Illinois Avenue,,Grand Island,NE,68801
"D-Marie Hair Boutique, LLC",2118 N. 24th Street,,Omaha,NE,68110
"Brooke Boggs, LLC",5652 Bluff Center Road,,Shelton,NE,68876
"Brooke Boggs, LLC",5652 Bluff Center Road,,Shelton,NE,68876
"Little Dino's Childcare, LLC",5214 South 21st Street,,Omaha,NE,68107
"Little Dino's Childcare, LLC",5214 South 21st Street,,Omaha,NE,68107
"SK Masch, LLC dba Gambino's",2822 3rd Avenue,,Kearny,NE,68845
"SK Masch, LLC dba Gambino's",2822 3rd Avenue,,Kearny,NE,68845
"SK Masch, LLC dba Gambino's",2822 3rd Avenue,,Kearny,NE,68845
IBeaute LLC,6572 Maple St,,Omaha,NE,68104
IBeaute LLC,6572 Maple St,,Omaha,NE,68104
IBeaute LLC,6572 Maple St,,Omaha,NE,68104
"Kitoko Golden Life, LLC","4155 N. 145th Plaza, Apt. 306",,Omaha,NE,68116
A Better Choice Landscape,2921 N. 56th Street,,Omaha,NE,68104
Kids Express dba Loving Hands of the Heartland,13030 W. Dodge Road,,Omaha,NE,68113
Kids Express dba Loving Hands of the Heartland,13030 W. Dodge Road,,Omaha,NE,68113
Rustic Milling & Craft LLC,608 E. Monroe Street,,Cozad,NE,69130
Rustic Milling & Craft LLC,608 E. Monroe Street,,Cozad,NE,69130
"Omaha Virtual Reality Parties, LLC",2814 N. 60th Street,,Omaha,NE,68104
"Omaha Virtual Reality Parties, LLC",2814 N. 60th Street,,Omaha,NE,68104
Ploughshare Brewing Co,,,,,
"FABB's Small Engine, LLC",308 Madison Street,,Waterloo,NE,68069
"FABB's Small Engine, LLC",308 Madison Street,,Waterloo,NE,68069
Bridgett Lavene Consulting,7017 46th Avenue,,Kearney,NE,68845
"Normal Roasting Company, LLC",219 Grand Avenue,,Burwell,NE,68823
"Normal Roasting Company, LLC",219 Grand Avenue,,Burwell,NE,68823
"Normal Roasting Company, LLC",219 Grand Avenue,,Burwell,NE,68823
"Normal Roasting Company, LLC",219 Grand Avenue,,Burwell,NE,68823
"Normal Roasting Company, LLC",219 Grand Avenue,,Burwell,NE,68823
"Spotanski Construction, LLC",42375 764 Road,,Cozad,NE,69130
"Spotanski Construction, LLC",42375 764 Road,,Cozad,NE,69130
"Spotanski Construction, LLC",42375 764 Road,,Cozad,NE,69130
"Ay Spivey, LLC DBA Best Burger",2112 N 30th St,,Omaha,NE,68111
"Ay Spivey, LLC DBA Best Burger",2112 N 30th St,,Omaha,NE,68111
Edge of the Universe,2734 N. 45th Avenue,,Omaha,NE,68104
Edge of the Universe,2734 N. 45th Avenue,,Omaha,NE,68104
Okra African Grill,8009 N. 159th Avenue,,Bennington,NE,68007
Okra African Grill,8009 N. 159th Avenue,,Bennington,NE,68007
Okra African Grill,8009 N. 159th Avenue,,Bennington,NE,68007
"RCO, Inc. - Royal Construction",5083 S. 106 Avenue,,Omaha,NE,68137
"RCO, Inc. - Royal Construction",5083 S. 106 Avenue,,Omaha,NE,68137
"RCO, Inc. - Royal Construction",5083 S. 106 Avenue,,Omaha,NE,68137
"RCO, Inc. - Royal Construction",5083 S. 106 Avenue,,Omaha,NE,68137
"RCO, Inc. - Royal Construction",5083 S. 106 Avenue,,Omaha,NE,68137
"Looks by Tania, LLC",501 S. Hamilton Street,,Madison,NE,68748
World System Builder,600 4th Street,,Sioux City,IA,51105
"SBRSW, LLC",520 S. Adams Street,,Grand Island,NE,68801
"BnD Trading, LLC",2223 Dodge Street,,Omaha,NE,68102
Salt Creek Mercantile,1502 Silver Street,,Ashland,NE,68003
"Vetick Construction, Inc.",1850 77 Highway,,Lyons,NE,68038
"High Plains Merchant Group, LLC",201 Diamond Springs Trail,,Ogallala,NE,69153
"High Plains Merchant Group, LLC",201 Diamond Springs Trail,,Ogallala,NE,69153
"High Plains Merchant Group, LLC",201 Diamond Springs Trail,,Ogallala,NE,69153
"MKSE Norgard, LLC",824 10th Avenue,,Sidney,NE,68162
"OC Body Shaper, Inc.",5224 Pratt Street,,Omaha,NE,68104
"OC Body Shaper, Inc.",5224 Pratt Street,,Omaha,NE,68104
"OC Body Shaper, Inc.",5224 Pratt Street,,Omaha,NE,68104
"OC Body Shaper, Inc.",5224 Pratt Street,,Omaha,NE,68104
"Closing Inspections, LLC",2325 E. 103rd Street,,Kearney,NE,68847
"Stewart's Logistics, LLC",6526 N. 40th Street,,Omaha,NE,68112
Upper Room Brewery,3911 1st ave,,Kearney,NE,68847
Upper Room Brewery,3911 1st ave,,Kearney,NE,68847
"Polished Vibes, LLC",3312 Lake Street,,Omaha,NE,68134
Taqueria Mary,1120 G Avenue,,Kearney,NE,68847
A&A Contractors,3512 Maplewood Blvd,,Omaha,NE,68134
A&A Contractors,3512 Maplewood Blvd,,Omaha,NE,68134
A&A Contractors,3512 Maplewood Blvd,,Omaha,NE,68134
A1 Productions,711 N. 91st plz apt 312 Plaza,,Omaha,NE,68114
"Day and Rod Transportation, LLC",503 W. 13th Street,,Grand Island,NE,68801
Gibbons Electric,503 Main Street,,Ansley,NE,68814
Gibbons Electric,503 Main Street,,Ansley,NE,68814
Gibbons Electric,503 Main Street,,Ansley,NE,68814
Gibbons Electric,503 Main Street,,Ansley,NE,68814
"KTM Trucking, LLC",830 Park Avenue,,Polk,NE,68902
"Island Trucking, LLC",411 S. Broadwell Ave,,Grand Island,NE,68803
"Island Trucking, LLC",411 S. Broadwell Ave,,Grand Island,NE,68803
Alego Logistics,4218 N. 146th Plaza,,Omaha,NE,68116
Alego Logistics,4218 N. 146th Plaza,,Omaha,NE,68116
Grrrowth Agency LLC,1303 Galvin Rd S Road,,Bellevue,NE,68005
Less The Agency,7520 N. 106th Avenue,,Omaha,NE,68122
Ramsey's Grocery Locker,2000 W. Ohio Street,,Lenox,IA,50851
"Premier Sports Village, L.L.C..",70010 N. 153rd Street,,Bennington,NE,68007
"Premier Sports Village, L.L.C..",70010 N. 153rd Street,,Bennington,NE,68007
Flawless Franchise,606 S. 130th Street,,Omaha,NE,68154
Rooted Plant Company LLC,2624 Avenue D Avenue,,Kearney,NE,68847
GCH Gritterz Construction Hauling LLC,4912 Jaynes Street,,Omaha,NE,68104
GCH Gritterz Construction Hauling LLC,4912 Jaynes Street,,Omaha,NE,68104
GCH Gritterz Construction Hauling LLC,4912 Jaynes Street,,Omaha,NE,68104
GCH Gritterz Construction Hauling LLC,4912 Jaynes Street,,Omaha,NE,68104
Best Impressions LLC dba Perfect Image Window Cleaning,2929 Leawood Dr,,Bellevue,NE,68123
Best Impressions LLC dba Perfect Image Window Cleaning,2929 Leawood Dr,,Bellevue,NE,68123
Sage Hill Vineyard LLC,70993 Rock Creek Road,,Parks,NE,69041
"Status, LLC",1917 South 67th Street,,Omaha,NE,68106
"Status, LLC",1917 South 67th Street,,Omaha,NE,68106
"Status, LLC",1917 South 67th Street,,Omaha,NE,68106
Ital Vital Living LLC,1801 Spencer Street,,Omaha,NE,68110
Ital Vital Living LLC,1801 Spencer Street,,Omaha,NE,68110
The Occasional Collective LLC,34174 Pioneer Trail,,Macedonia,IA,51549
Crown Trophy & Awards of Omaha,3040 N. 90th Street,,Omaha,NE,68134
Crown Trophy & Awards of Omaha,3040 N. 90th Street,,Omaha,NE,68134
Valor General Store,800 Box Butte Avenue,,Hemingford,NE,69348
Valor General Store,800 Box Butte Avenue,,Hemingford,NE,69348
Valor General Store,800 Box Butte Avenue,,Hemingford,NE,69348
MYCORPER INC dba Red Mango,13110 Birch Drive,,Omaha,NE,68164
MYCORPER INC dba Red Mango,13110 Birch Drive,,Omaha,NE,68164
MYCORPER INC dba Red Mango,13110 Birch Drive,,Omaha,NE,68164
MYCORPER INC dba Red Mango,13110 Birch Drive,,Omaha,NE,68164
Mixins Ice Cream 2,1405 Jackson Street,,Omaha,NE,68124
Mixins Ice Cream 2,1405 Jackson Street,,Omaha,NE,68124
Mixins Ice Cream 2,1405 Jackson Street,,Omaha,NE,68124
Mixins Ice Cream 2,1405 Jackson Street,,Omaha,NE,68124
"N37 Insurance Services, LLC",6872 South 182nd Court,,Omaha,NE,68135
"N37 Insurance Services, LLC",6872 South 182nd Court,,Omaha,NE,68135
"N37 Insurance Services, LLC",6872 South 182nd Court,,Omaha,NE,68135
"N37 Insurance Services, LLC",6872 South 182nd Court,,Omaha,NE,68135
"N37 Insurance Services, LLC",6872 South 182nd Court,,Omaha,NE,68135
Deluna Distribuitors LLC,4701 Pierce DR,,Lincoln,NE,68504
Deluna Distribuitors LLC,4701 Pierce DR,,Lincoln,NE,68504
Midwest Cycle and ATV,114 S. Elm,,North Platte,NE,69101
Midwest Cycle and ATV,114 S. Elm,,North Platte,NE,69101
Midwest Cycle and ATV,114 S. Elm,,North Platte,NE,69101
Immanuel Insurance,8812 Lake Street,,Omaha,NE,68134
"Home Team Auto Sales, LLC",6005 Sorensen Parkway,,Omaha,NE,68152
"Home Team Auto Sales, LLC",6005 Sorensen Parkway,,Omaha,NE,68152
"Home Team Auto Sales, LLC",6005 Sorensen Parkway,,Omaha,NE,68152
"Home Team Auto Sales, LLC",6005 Sorensen Parkway,,Omaha,NE,68152
"El Viejon, LLC",511 Martha Street,,Omaha,NE,68108
"El Viejon, LLC",511 Martha Street,,Omaha,NE,68108
Nutt Family Country Market,21030 Imperial Rd,,Ravenna,NE,68869
Nutt Family Country Market,21030 Imperial Rd,,Ravenna,NE,68869
"J J Orion Transport, LLC",3512 MAPLEWOOD Blvd,,Omaha,NE,68134
Roberto Lopez Fernandez,240 N Custer Ave,,Grand Island,NE,68803
Roberto Lopez Fernandez,240 N Custer Ave,,Grand Island,NE,68803
Roberto Lopez Fernandez,240 N Custer Ave,,Grand Island,NE,68803
Roberto Lopez Fernandez,240 N Custer Ave,,Grand Island,NE,68803
"EGM, Inc",32005 Pawnee Road,,Valley,NE,68064
"Darnell Clark Trucking, LLC",7428 N. 77th Terrace,,Omaha,NE,68122
"Darnell Clark Trucking, LLC",7428 N. 77th Terrace,,Omaha,NE,68122
"Groom and Board, LLC",41783 6 & 34 Highway,,Holbrook,NE,68948
"Groom and Board, LLC",41783 6 & 34 Highway,,Holbrook,NE,68948
"Lion's Gate Security Solutions, Inc",5437 N. 103rd Street,,Omaha,NE,68134
"Lion's Gate Security Solutions, Inc",5437 N. 103rd Street,,Omaha,NE,68134
El Chinchorro Boricua,1302 Wilroy Rd,,Bellevue,NE,68005
Toximiche Michelada Mix Inc,3707 T St,,Omaha,NE,68107
Independence Cleaning Floors More,21305 McClellan Circle,,Gretna,NE,68028
Independence Cleaning Floors More,21305 McClellan Circle,,Gretna,NE,68028
Independence Cleaning Floors More,21305 McClellan Circle,,Gretna,NE,68028
Independence Cleaning Floors More,21305 McClellan Circle,,Gretna,NE,68028
"Sandhills Honey Bottling Co., LLC",305 S. Baxtter street,,Anselmo,NE,68813
"Sandhills Honey Bottling Co., LLC",305 S. Baxtter street,,Anselmo,NE,68813
"Sandhills Honey Bottling Co., LLC",305 S. Baxtter street,,Anselmo,NE,68813
"Sandhills Honey Bottling Co., LLC",305 S. Baxtter street,,Anselmo,NE,68813
"Sandhills Honey Bottling Co., LLC",305 S. Baxtter street,,Anselmo,NE,68813
"Grant Trucking and Equipment, Inc",13254 South 38th Street,,Bellevue,NE,68123
"Grant Trucking and Equipment, Inc",13254 South 38th Street,,Bellevue,NE,68123
"KHD Transport, LLC",401 Meadow Star Lane,,Adams,NE,68301
"KHD Transport, LLC",401 Meadow Star Lane,,Adams,NE,68301
"KHD Transport, LLC",401 Meadow Star Lane,,Adams,NE,68301
Medium Voltage Services LLC,51021 195 Street,,Council Bluffs,IA,51503
Medium Voltage Services LLC,51021 195 Street,,Council Bluffs,IA,51503
"Ynotony, LLC",905 Castelar Street,,Omaha,NE,68108
"Ynotony, LLC",905 Castelar Street,,Omaha,NE,68108
"Ynotony, LLC",905 Castelar Street,,Omaha,NE,68108
"Heir To Heir, LLC",7403 Ames Circle,,Omaha,NE,68134
"Shanno Trucking, Inc",212 E. Welch St,,Crescent,IA,51526
"Shanno Trucking, Inc",212 E. Welch St,,Crescent,IA,51526
"Shanno Trucking, Inc",212 E. Welch St,,Crescent,IA,51526
"The Pink Store, LLC",PO Box 575,,Elkorn,NE,68022
"Naad Naturals, LLC",1000 S. Main Street Apt 302,,Council Bluffs,IA,50153
"Naad Naturals, LLC",1000 S. Main Street Apt 302,,Council Bluffs,IA,50153
"Chief Investments, LLC",5634 South 85th Circle,,Omaha,NE,68127
"Game Repair Shop, LLC",2416 S. 120th Street,,Omaha,NE,68144
"Game Repair Shop, LLC",2416 S. 120th Street,,Omaha,NE,68144
"Game Repair Shop, LLC",2416 S. 120th Street,,Omaha,NE,68144
"Game Repair Shop, LLC",2416 S. 120th Street,,Omaha,NE,68144
"Game Repair Shop, LLC",2416 S. 120th Street,,Omaha,NE,68144
"Game Repair Shop, LLC",2416 S. 120th Street,,Omaha,NE,68144
"NEF Impact Equity Fund, LLC",5425 N. 103 Street,,Omaha,NE,68134
Lawn Rangers,15183 Mill Ridge Ln,,CouncilBluffs,IA,51503
Lawn Rangers,15183 Mill Ridge Ln,,CouncilBluffs,IA,51503
Lawn Rangers,15183 Mill Ridge Ln,,CouncilBluffs,IA,51503
Rabfak Construction,3916 N. 109th Plaza,,Omaha,NE,68164
Rabfak Construction,3916 N. 109th Plaza,,Omaha,NE,68164
"Rea's Trucking, LLC",1308 N. 28th Street,,Council Bluffs,IA,51501
"3RYTRUCK, LLC",454 22nd Avenue,,Columbus,NE,68701
"All Freight Logistics, LLC",3307 Poppleton Avenue,,Omaha,NE,68105
City Tap House LLC,707 Central Avenue,,Nebraska City,NE,68410
Big Mama's Kitchen and Catering,3223 N. 45th Street,,Omaha,NE,68104
Big Mama's Kitchen and Catering,3223 N. 45th Street,,Omaha,NE,68104
Big Mama's Kitchen and Catering,3223 N. 45th Street,,Omaha,NE,68104
It's a Man's World Barbershop,318 South 72nd Street,,Omaha,NE,68114
It's a Man's World Barbershop,318 South 72nd Street,,Omaha,NE,68114
Explore the Evans Experience,5858 Wenninghoff Road Ste 3,,Omaha,NE,68122
Explore the Evans Experience,5858 Wenninghoff Road Ste 3,,Omaha,NE,68122
Explore the Evans Experience,5858 Wenninghoff Road Ste 3,,Omaha,NE,68122
"Las Villas Transport, LLC",1810 Blaine Street,,Grand Island,NE,68803
"Las Villas Transport, LLC",1810 Blaine Street,,Grand Island,NE,68803
"Alley Taco 402, LLC",6010 S. 34th Street,,Omaha,NE,68107
"Tayin Beauty Supply, LLC","1120 Southwest 27th Street, #203",,Lincoln,NE,68522
"DAVID SU CONTRATISTA IDEAL, LLC",916 S 32nd Street,,Coucinl Bluff,IA,51051
"Chyna Entertainment, LLC",1634 Westside Dr,,Plattsmouth,NE,68048
"Chyna Entertainment, LLC",1634 Westside Dr,,Plattsmouth,NE,68048
"Chyna Entertainment, LLC",1634 Westside Dr,,Plattsmouth,NE,68048
"Garret's Lawn Service, LLC",17821 JACOBS CIR,,Omaha,NE,68135
"Garret's Lawn Service, LLC",17821 JACOBS CIR,,Omaha,NE,68135
"Perdomo Trucking, LLC",2627 W. 1ST Street,,Grand Island,NE,68803
"Perdomo Trucking, LLC",2627 W. 1ST Street,,Grand Island,NE,68803
"The Rainbow of Happiness, LLC",1103 Bea Circle,,Bellevue,NE,68005
"The Rainbow of Happiness, LLC",1103 Bea Circle,,Bellevue,NE,68005
"The Rainbow of Happiness, LLC",1103 Bea Circle,,Bellevue,NE,68005
Burns Family LLC,2186 Parker Circle,,Omaha,NE,68110
"Wendok Sportswear, LLC",No Valid Address,,Omaha,NE,
Rivera Transportation LLC,2929 Castelar Street,,Omaha,NE,68105
Rivera Transportation LLC,2929 Castelar Street,,Omaha,NE,68105
"FWCH, LLC",7328 N. 85TH Street,,Omaha,NE,68122
"Surf's Up Marine, LLC",909 N. 83 hwy,,McCook,NE,69001
"Surf's Up Marine, LLC",909 N. 83 hwy,,McCook,NE,69001
"Ol Hendawg Trucking, LLC",4149 N. 61st Street,,Omaha,NE,68104
"JM Delivery Services, LLC",1026 North 33rd Street,,Omaha,NE,68131
"JM Delivery Services, LLC",1026 North 33rd Street,,Omaha,NE,68131
"JM Delivery Services, LLC",1026 North 33rd Street,,Omaha,NE,68131
"JM Delivery Services, LLC",1026 North 33rd Street,,Omaha,NE,68131
"JM Delivery Services, LLC",1026 North 33rd Street,,Omaha,NE,68131
"Kribe Distributors, LLC",1206 S. 4th Street,,Norfolk,NE,68701
"Kribe Distributors, LLC",1206 S. 4th Street,,Norfolk,NE,68701
"Macias Landscaping,LLC",3220 Seward Street,,Omaha,NE,68111
"Viva Fit Kitchen, LLC",1001 S 6th Street,,Council Bluffs,IA,51501
Heavi Hitters,5314 N. 45th Street,,Omaha,NE,68104
Heavi Hitters,5314 N. 45th Street,,Omaha,NE,68104
"Love 2 Build, LLC",3708 Garfield Street,,Lincoln,NE,68506
"Honey N Luv Gluten Free Bakery, LLC",2004 N. 98TH Avenue,,Omaha,NE,68134
Will's Insurance Agency,1235 Toluca Av,,Alliance,NE,69301
"Popup - Brownie Bar, LLC",1217 Leavenworth Street,,Omaha,NE,68102
"Popup - Brownie Bar, LLC",1217 Leavenworth Street,,Omaha,NE,68102
"Popup - Brownie Bar, LLC",1217 Leavenworth Street,,Omaha,NE,68102
"SRZ Logistics, LLC",1408 Dorcas St,,Omaha,NE,68108
Jet Clean Inc,1910 Southwest 10th Street,,Lincoln,NE,68522
"The Rainbow of Happiness, LLC",1103 Bea Circle,,Bellevue,NE,68005
"BBQ Brothers, LLC",1000 S Main St,,Council Bluffs,IA,51503
"BBQ Brothers, LLC",1000 S Main St,,Council Bluffs,IA,51503
"BBQ Brothers, LLC",1000 S Main St,,Council Bluffs,IA,51503
"Next Vizion, LLC",6506 S. 107th,,Omaha,NE,68127
The Heart's Desire,743 West 2nd Street,,Hastings,NE,68901
"Drewop's Trucking, LLC",6725 S. 81ST Street,,OMAHA,NE,68127
"YOUR FORTE, LLC","415 Chestnut Street, Atlantic, IA, USA",,ATLANTIC,IA,50022
"KJP Trucking, LLC",3714 Seward Street,,Omaha,NE,68111
"KJP Trucking, LLC",3714 Seward Street,,Omaha,NE,68111
MARISCOS EL CULICHI LLC,2229 Leavenworth Street,,Omaha,NE,68102
BRICKROAD'S GRILLE AND DISTILLERY LLC,214 North Green Street,,Clarks,NE,68628
"MLG2, LLC",4151 N 62nd St,,Omaha,NE,68104
"Easy as 12V, LLC",428 Bryan St,,Gretna,NE,68028
"Mighty Tidy, LLC",310 East ST,,Alma,NE,68920
Cuban Express,3763 West Capital Avenue,apt 221,Grand Island,NE,68803
Chi-Town Sandwiches LLC,PO Box 65,,Harrisburg,SD,57032
"Embracing Heart Supportive Services, LLC",11069 I Street,,Omaha,NE,68137
"JM Delivery Services, LLC",1026 North 33rd Street,,Omaha,NE,68131
Memo's Hardscapes & Landscaping LLC,3551 South 121st Avenue,,Omaha,NE,68144
Legacy Map LLC dba Board and Brush,6016 Maple Street,,Omaha,NE,68104
"JT&T Trucking, LLC",13830 N. 78th Street,,Omaha,NE,68122
Will's Insurance Agency,1235 Toluca Av,,Alliance,NE,69301
Utra's Caribbean Food LLC,1304 West Arlington Avenue,,Lincoln,NE,68522
Alego Logistics,4218 N. 146th Plaza,,Omaha,NE,68116
"MLG2, LLC",4151 N 62nd St,,Omaha,NE,68104
Chi-Town Sandwiches LLC,PO Box 65,,Harrisburg,SD,57032
"L.A. Antojitos, LLC",901 S. 9th Street,,Norfolk,NE,68701
Rodriguez Contractors LLC,5502 North 16th Street,,Omaha,NE,68110
Rodriguez Contractors LLC,5502 North 16th Street,,Omaha,NE,68110
"Elite Auto Center, LLC dba Creative Venture Enterp",1209 Fort Crook Road South,,Bellevue,NE,68005
"Elegant Edge Events, LLC",5360 South 174th Avenue,,Omaha,NE,68135
"Outlaw Garden Products, Inc.",410 South Meridian Avenue,,Cozad,NE,69130
"Signex, Inc.",20210 Roberts Street,,Omaha,NE,68022
"Premier Sports Village, L.L.C..",70010 N. 153rd Street,,Bennington,NE,68007
"Status, LLC",1917 South 67th Street,,Omaha,NE,68106
"El Viejon, LLC",511 Martha Street,,Omaha,NE,68108
"Grant Trucking and Equipment, Inc",13254 South 38th Street,,Bellevue,NE,68123
"Shanno Trucking, Inc",212 E. Welch St,,Crescent,IA,51526
"Tayin Beauty Supply, LLC","1120 Southwest 27th Street, #203",,Lincoln,NE,68522
TEST ACCOUNT,,,,,
